signal_date,entry_price_date,code,name,sector33,entry_close,sector_research_priority,sector_leader_score,sector_leader_grade,sector_rotation,sector_momentum_score,momentum_rank,momentum_score,action_priority,action_score,expectancy_score,expectancy_confidence,relative_strength_score,relative_strength_grade,market_relative_20d,sector_relative_20d
2026-07-13,2026-07-13,8008,ヨンドシーホールディングス,小売業,2109.0,優先,76.1,B,履歴開始,44.0,2,90.0,C,58.0,46.5,中,88.0,S,0.0935064171667476,0.1009702422013519
2026-07-13,2026-07-13,7453,良品計画,小売業,4233.0,優先,75.4,B,履歴開始,44.0,13,75.0,B,72.0,35.2,高,90.2,S,0.14111056091593,0.1485743859505343
2026-07-13,2026-07-13,6194,アトラエ,サービス業,816.0,優先,73.1,B,履歴開始,46.0,8,78.0,,0.0,50.0,蓄積中,94.1,S,0.1387248811269108,0.1275872668090574
2026-07-13,2026-07-13,3276,ＪＰＭＣ,不動産業,1594.0,監視,71.4,B,履歴開始,40.0,1,91.0,,0.0,50.0,蓄積中,95.1,S,0.1942603660118766,0.1896242932753338
2026-07-13,2026-07-13,5018,ＭＯＲＥＳＣＯ,石油・石炭製品,2128.0,監視,71.2,B,履歴開始,39.0,9,78.0,,0.0,50.0,蓄積中,92.3,S,0.0958537155934038,0.1165736745542754
2026-07-13,2026-07-13,3436,ＳＵＭＣＯ,金属製品,5133.0,監視,68.8,B,履歴開始,34.0,22,70.0,B,65.0,35.2,高,98.1,S,0.1670080206935826,0.1742839532572737
2026-07-13,2026-07-13,7803,ブシロード,その他製品,377.0,監視,68.2,B,履歴開始,51.0,4,88.0,,0.0,50.0,蓄積中,98.6,S,0.3406155549055707,0.335638998682477
2026-07-13,2026-07-13,6136,オーエスジー,機械,4058.0,監視,67.7,C,履歴開始,30.0,23,70.0,B,65.0,35.2,高,96.1,S,0.1374242422524416,0.1450554112582636
2026-07-13,2026-07-13,4424,Ａｍａｚｉａ,情報・通信業,392.0,監視,66.9,C,履歴開始,46.0,3,88.0,,0.0,50.0,蓄積中,99.0,S,0.8237301296936483,0.7974276050623204
2026-07-13,2026-07-13,9997,ベルーナ,小売業,1058.0,監視,65.6,C,履歴開始,44.0,17,73.0,,0.0,50.0,蓄積中,91.1,S,0.0883577364463792,0.0958215614809835
2026-07-13,2026-07-13,7504,高速,卸売業,3910.0,監視,64.9,C,履歴開始,39.0,6,80.0,C,50.0,46.5,中,97.1,S,0.2629766560683335,0.2652038631336547
2026-07-13,2026-07-13,8601,大和証券グループ本社,証券、商品先物取引業,1777.0,監視,63.9,C,履歴開始,67.0,55,60.0,,0.0,50.0,蓄積中,86.9,S,0.0887801089921638,0.0669000662384322
2026-07-13,2026-07-13,8551,北日本銀行,銀行業,6110.0,監視,63.6,C,履歴開始,67.0,14,75.0,見送り,59.0,41.2,高,89.9,S,0.0937211449676824,0.0752213995354238
2026-07-13,2026-07-13,8377,ほくほくフィナンシャルグループ,銀行業,7582.0,監視,63.0,C,履歴開始,67.0,43,63.0,,0.0,50.0,蓄積中,91.1,S,0.1363098059874756,0.117810060555217
2026-07-13,2026-07-13,8524,北洋銀行,銀行業,1180.0,監視,63.0,C,履歴開始,67.0,47,63.0,,0.0,50.0,蓄積中,83.9,A,0.1006277243933457,0.0821279789610871
2026-07-13,2026-07-13,8628,松井証券,証券、商品先物取引業,1050.0,監視,63.0,C,履歴開始,67.0,49,63.0,,0.0,50.0,蓄積中,81.9,A,0.082268462628924,0.0603884198751925
2026-07-13,2026-07-13,8095,アステナホールディングス,卸売業,529.0,監視,62.3,C,履歴開始,39.0,18,73.0,C,51.0,33.8,中,79.9,A,0.0520666012764787,0.0542938083417999
2026-07-13,2026-07-13,2175,エス・エム・エス,サービス業,2441.0,監視,62.0,C,履歴開始,46.0,21,70.0,C,53.0,36.3,高,97.3,S,0.1903109761192665,0.179173361801413
2026-07-13,2026-07-13,4419,Ｆｉｎａｔｅｘｔホールディングス,情報・通信業,1601.0,監視,60.3,C,履歴開始,46.0,27,68.0,,0.0,50.0,蓄積中,98.5,S,0.2616510178814781,0.2353484932501501
2026-07-13,2026-07-13,8604,野村ホールディングス,証券、商品先物取引業,1542.5,監視,60.1,C,履歴開始,67.0,63,58.0,,0.0,50.0,蓄積中,84.5,A,0.0655504707574041,0.0436704280036726
2026-07-13,2026-07-13,6266,タツモ,機械,5090.0,監視,59.8,C,履歴開始,30.0,16,73.0,,0.0,50.0,蓄積中,98.5,S,0.19383520256677,0.2014663715725919
2026-07-13,2026-07-13,2222,寿スピリッツ,食料品,2654.0,監視,59.5,C,履歴開始,54.0,46,63.0,,0.0,50.0,蓄積中,93.7,S,0.1110468935073039,0.0985000103590445
2026-07-13,2026-07-13,6638,ミマキエンジニアリング,電気機器,2061.0,監視,58.8,C,履歴開始,13.0,11,77.0,,0.0,50.0,蓄積中,94.3,S,0.1127188047715266,0.1415387286331226
2026-07-13,2026-07-13,7867,タカラトミー,その他製品,3367.0,監視,58.7,C,履歴開始,51.0,45,63.0,,0.0,50.0,蓄積中,93.1,S,0.1171913406469042,0.1122147844238106
2026-07-13,2026-07-13,9304,澁澤倉庫,倉庫・運輸関連業,1977.0,監視,58.0,C,履歴開始,50.0,12,75.0,C,54.0,36.3,高,98.6,S,0.3059866572331946,0.2839758532066223
2026-07-13,2026-07-13,6058,ベクトル,サービス業,1948.0,見送り,55.7,C,履歴開始,46.0,10,77.0,見送り,47.0,46.5,中,98.7,S,0.2803035527297148,0.2691659384118614
2026-07-13,2026-07-13,4381,ビープラッツ,情報・通信業,551.0,見送り,54.7,C,履歴開始,46.0,5,85.0,見送り,56.0,41.2,高,98.6,S,1.1270172759200634,1.1007147512887354
2026-07-13,2026-07-13,7283,愛三工業,輸送用機器,2432.0,見送り,53.1,C,履歴開始,35.0,20,70.0,,0.0,50.0,蓄積中,97.0,S,0.2759041305214544,0.2880968696934626
2026-07-13,2026-07-13,3480,ジェイ・エス・ビー,不動産業,8990.0,見送り,52.3,C,履歴開始,40.0,31,67.0,,0.0,50.0,蓄積中,95.5,S,0.1083431349995085,0.1037070622629656
2026-07-13,2026-07-13,3237,イントランス,不動産業,105.0,見送り,51.5,C,履歴開始,40.0,37,65.0,,0.0,50.0,蓄積中,99.0,S,0.2709698222163597,0.2663337494798168
2026-07-13,2026-07-13,7600,日本エム・ディ・エム,精密機器,944.0,見送り,51.0,C,履歴開始,30.0,44,63.0,,0.0,50.0,蓄積中,96.4,S,0.1301202823460119,0.1319647149018887
2026-07-13,2026-07-13,8591,オリックス,その他金融業,6391.0,見送り,50.3,C,履歴開始,53.0,96,50.0,,0.0,50.0,蓄積中,72.6,A,0.0104920024192529,0.0026426003275485
2026-07-13,2026-07-13,6951,日本電子,電気機器,7815.0,見送り,48.5,C,履歴開始,13.0,42,63.0,,0.0,50.0,蓄積中,95.2,S,0.157688966428692,0.186508890290288
2026-07-13,2026-07-13,3946,トーモク,パルプ・紙,4080.0,見送り,47.7,C,履歴開始,47.0,64,58.0,,0.0,50.0,蓄積中,84.9,A,0.0455396676523469,0.0517069797632078
2026-07-13,2026-07-13,7818,トランザクション,その他製品,1414.0,見送り,47.7,C,履歴開始,51.0,80,55.0,,0.0,50.0,蓄積中,83.1,A,0.0362350874816248,0.0312585312585311
2026-07-13,2026-07-13,8566,リコーリース,その他金融業,6380.0,見送り,43.0,C,履歴開始,53.0,69,57.0,,0.0,50.0,蓄積中,52.9,C,-0.0028905766440392,-0.0107399787357436
2026-07-13,2026-07-13,9902,日伝,卸売業,2707.0,見送り,42.6,C,履歴開始,39.0,66,58.0,,0.0,50.0,蓄積中,79.3,A,0.0387458529640885,0.0409730600294097
2026-07-13,2026-07-13,4935,リベルタ,化学,410.0,見送り,41.1,C,履歴開始,30.0,91,50.0,,0.0,50.0,蓄積中,98.3,S,0.8995561550280446,0.920202441900493
2026-07-13,2026-07-13,7219,エッチ・ケー・エス,輸送用機器,2486.0,見送り,41.1,C,履歴開始,35.0,39,65.0,,0.0,50.0,蓄積中,82.3,A,0.0560132388387237,0.0682059780107319
2026-07-13,2026-07-13,5644,メタルアート,鉄鋼,7720.0,見送り,39.1,C,履歴開始,27.0,59,60.0,見送り,47.0,36.3,高,73.0,A,-0.0108718091653505,0.0194806158437381
2026-07-13,2026-07-13,6750,エレコム,電気機器,1815.0,見送り,35.5,C,履歴開始,13.0,97,50.0,,0.0,50.0,蓄積中,71.8,A,0.0065097965283635,0.0353297203899596
2026-07-13,2026-07-13,3877,中越パルプ工業,パルプ・紙,2083.0,見送り,27.8,C,履歴開始,47.0,87,53.0,,0.0,50.0,蓄積中,71.2,A,0.0161735259200634,0.0223408380309243
2026-07-13,2026-07-13,6157,日進工具,機械,983.0,見送り,27.0,C,履歴開始,30.0,72,55.0,,0.0,50.0,蓄積中,91.4,S,0.1071620051827362,0.1147931741885581
2026-07-14,2026-07-14,8008,ヨンドシーホールディングス,小売業,2177.0,優先,77.0,B,改善,47.0,4,85.0,C,63.0,49.6,高,91.2,S,0.1298377162632565,0.1363202338655866
2026-07-14,2026-07-14,7085,カーブスホールディングス,サービス業,986.0,優先,75.0,B,改善,50.0,17,75.0,C,62.0,40.3,高,87.1,S,0.0861211387231496,0.0763368983957217
2026-07-14,2026-07-14,8200,リンガーハット,小売業,2388.0,優先,74.2,B,改善,47.0,16,75.0,C,62.0,40.3,高,84.3,A,0.1011872780046955,0.1076697956070256
2026-07-14,2026-07-14,4175,ｃｏｌｙ,情報・通信業,2842.0,優先,72.9,B,改善,50.0,2,88.0,C,55.0,43.0,高,98.6,S,0.4366810860222275,0.4116431105892287
2026-07-14,2026-07-14,9861,吉野家ホールディングス,小売業,3645.0,優先,72.4,B,改善,47.0,20,73.0,,0.0,50.0,蓄積中,84.5,A,0.1339358240378351,0.1404183416401652
2026-07-14,2026-07-14,9304,澁澤倉庫,倉庫・運輸関連業,2004.0,監視,71.0,B,減速,50.0,5,83.0,,0.0,50.0,蓄積中,98.6,S,0.3363916274683306,0.330092980023654
2026-07-14,2026-07-14,7504,高速,卸売業,3955.0,監視,70.5,B,改善,45.0,10,80.0,C,55.0,49.6,高,97.2,S,0.264517167981248,0.2650220650433934
2026-07-14,2026-07-14,4419,Ｆｉｎａｔｅｘｔホールディングス,情報・通信業,1713.0,監視,69.7,B,改善,50.0,6,82.0,C,57.0,46.3,高,98.8,S,0.3628933469390772,0.3378553715060785
2026-07-14,2026-07-14,8508,Ｊトラスト,その他金融業,860.0,監視,69.4,B,加速,62.0,46,65.0,C,51.0,40.3,高,92.3,S,0.0913210435303842,0.0831778313536504
2026-07-14,2026-07-14,2175,エス・エム・エス,サービス業,2519.0,監視,69.2,B,改善,50.0,19,73.0,,0.0,50.0,蓄積中,97.9,S,0.2270586814008025,0.2172744410733746
2026-07-14,2026-07-14,4413,ボードルア,情報・通信業,3220.0,監視,68.1,B,改善,50.0,27,70.0,,0.0,50.0,蓄積中,98.2,S,0.3062161353168974,0.2811781598838986
2026-07-14,2026-07-14,6191,エアトリ,サービス業,891.0,監視,67.2,C,改善,50.0,22,73.0,C,51.0,43.0,高,88.7,S,0.0724988914052501,0.0627146510778222
2026-07-14,2026-07-14,8439,東京センチュリー,その他金融業,2629.0,監視,63.6,C,加速,62.0,83,55.0,,0.0,50.0,蓄積中,82.9,A,0.0433464456973805,0.0352032335206466
2026-07-14,2026-07-14,8771,イー・ギャランティ,その他金融業,1869.0,監視,60.5,C,加速,62.0,64,60.0,,0.0,50.0,蓄積中,81.1,A,0.0761835273149501,0.0680403151382162
2026-07-14,2026-07-14,7600,日本エム・ディ・エム,精密機器,988.0,監視,59.2,C,底上げ,40.0,23,72.0,,0.0,50.0,蓄積中,98.2,S,0.1929957858151881,0.187944346335031
2026-07-14,2026-07-14,7867,タカラトミー,その他製品,3415.0,監視,59.1,C,減速,51.0,25,72.0,C,55.0,43.0,高,94.1,S,0.1436590044448719,0.1329190359142131
2026-07-14,2026-07-14,1377,サカタのタネ,水産・農林業,4440.0,監視,58.9,C,底上げ,38.0,31,70.0,C,55.0,40.3,高,74.4,A,0.0368366777076875,0.0449231534196771
2026-07-14,2026-07-14,2590,ダイドーグループホールディングス,食料品,2950.0,監視,58.2,C,低迷,54.0,29,70.0,C,53.0,40.3,高,86.6,S,0.121169922684977,0.1126577234185172
2026-07-14,2026-07-14,8306,三菱ＵＦＪフィナンシャル・グループ,銀行業,3600.0,監視,58.2,C,減速,57.0,35,68.0,C,62.0,40.6,高,85.7,S,0.0809082289563366,0.0484149049954554
2026-07-14,2026-07-14,8628,松井証券,証券、商品先物取引業,1073.0,監視,58.2,C,減速,62.0,37,67.0,,0.0,50.0,蓄積中,84.7,A,0.1047324106783708,0.08282757289566
2026-07-14,2026-07-14,3946,トーモク,パルプ・紙,4185.0,見送り,57.6,C,改善,52.0,53,62.0,,0.0,50.0,蓄積中,88.7,S,0.0655351872239261,0.0808379761832921
2026-07-14,2026-07-14,6474,不二越,機械,6590.0,見送り,57.6,C,低迷,30.0,18,75.0,C,61.0,40.3,高,92.6,S,0.0826157458109771,0.1013847145578767
2026-07-14,2026-07-14,8309,三井住友トラストグループ,銀行業,6654.0,見送り,57.3,C,減速,57.0,51,63.0,,0.0,50.0,蓄積中,84.7,A,0.0785617262339831,0.0460684022731019
2026-07-14,2026-07-14,5186,ニッタ,ゴム製品,6570.0,見送り,56.0,C,改善,56.0,86,55.0,,0.0,50.0,蓄積中,85.4,S,0.0339592761954335,0.0479669264393808
2026-07-14,2026-07-14,3276,ＪＰＭＣ,不動産業,1656.0,見送り,54.3,C,改善,50.0,8,81.0,見送り,44.0,49.6,高,96.2,S,0.238533618633708,0.2300031534856879
2026-07-14,2026-07-14,7327,第四北越フィナンシャルグループ,銀行業,2307.0,見送り,53.9,C,減速,57.0,39,67.0,,0.0,50.0,蓄積中,76.9,A,0.0658096547850562,0.033316330824175
2026-07-14,2026-07-14,3708,特種東海製紙,パルプ・紙,2030.0,見送り,53.8,C,改善,52.0,63,60.0,,0.0,50.0,蓄積中,92.1,S,0.0890755584041881,0.1043783473635541
2026-07-14,2026-07-14,7803,ブシロード,その他製品,401.0,見送り,53.7,C,減速,51.0,1,92.0,見送り,53.0,49.6,高,99.1,S,0.4399312991509573,0.4291913306202986
2026-07-14,2026-07-14,4220,リケンテクノス,化学,1857.0,見送り,51.9,C,底上げ,34.0,48,65.0,C,50.0,40.3,高,74.8,A,0.0612418145075422,0.0797022053659222
2026-07-14,2026-07-14,3480,ジェイ・エス・ビー,不動産業,8990.0,見送り,49.2,C,改善,50.0,77,57.0,,0.0,50.0,蓄積中,58.0,B,-0.0332198209852933,-0.0417502861333134
2026-07-14,2026-07-14,8613,丸三証券,証券、商品先物取引業,1126.0,見送り,45.3,C,減速,62.0,54,62.0,,0.0,50.0,蓄積中,64.6,B,0.0239372699603336,0.0020324321776228
2026-07-14,2026-07-14,7818,トランザクション,その他製品,1422.0,見送り,43.8,C,減速,51.0,74,58.0,,0.0,50.0,蓄積中,81.0,A,0.0348395255994312,0.0240995570687725
2026-07-14,2026-07-14,9010,富士急行,陸運業,2650.0,見送り,43.4,C,改善,54.0,68,60.0,見送り,42.0,40.3,高,76.5,A,0.0385410871957297,0.031839260182267
2026-07-14,2026-07-14,8739,スパークス・グループ,証券、商品先物取引業,2301.0,見送り,42.6,C,減速,62.0,87,55.0,,0.0,50.0,蓄積中,72.0,A,0.0235976277513628,0.001692789968652
2026-07-14,2026-07-14,7458,第一興商,卸売業,1800.0,見送り,41.0,C,改善,45.0,67,60.0,見送り,42.0,40.3,高,76.2,A,0.0549252922096027,0.0554301892717481
2026-07-14,2026-07-14,2004,昭和産業,食料品,3485.0,見送り,37.5,C,低迷,54.0,88,55.0,,0.0,50.0,蓄積中,67.0,B,0.0169486445506555,0.0084364452841957
2026-07-14,2026-07-14,3877,中越パルプ工業,パルプ・紙,2102.0,見送り,34.7,C,改善,52.0,75,57.0,,0.0,50.0,蓄積中,74.2,A,0.02194800030378,0.037250789263146
2026-07-14,2026-07-14,6836,ぷらっとホーム,電気機器,924.0,見送り,30.7,C,底上げ,21.0,93,50.0,,0.0,50.0,蓄積中,75.1,A,0.3447710708805446,0.3762902215885395
2026-07-15,2026-07-15,7350,おきなわフィナンシャルグループ,銀行業,7300.0,優先,82.3,A,加速,84.0,24,70.0,C,53.0,44.0,高,83.8,A,0.110330800818307,0.0320055050080281
2026-07-15,2026-07-15,8624,いちよし証券,証券、商品先物取引業,1630.0,優先,80.7,A,加速,78.0,22,70.0,C,53.0,44.0,高,81.5,A,0.1602693679982534,0.0991187946772633
2026-07-15,2026-07-15,8306,三菱ＵＦＪフィナンシャル・グループ,銀行業,3697.0,優先,79.1,A,加速,84.0,35,67.0,,0.0,50.0,蓄積中,82.6,A,0.0960201494091814,0.0176948535989025
2026-07-15,2026-07-15,7327,第四北越フィナンシャルグループ,銀行業,2361.0,優先,77.1,B,加速,84.0,33,67.0,,0.0,50.0,蓄積中,80.9,A,0.1083652972262581,0.0300400014159791
2026-07-15,2026-07-15,8628,松井証券,証券、商品先物取引業,1085.0,優先,75.5,B,加速,78.0,32,67.0,,0.0,50.0,蓄積中,83.0,A,0.11185351071228,0.0507029373912899
2026-07-15,2026-07-15,8613,丸三証券,証券、商品先物取引業,1164.0,優先,74.4,B,加速,78.0,20,72.0,C,51.0,48.5,高,70.7,A,0.0684029011317866,0.0072523278107965
2026-07-15,2026-07-15,8508,Ｊトラスト,その他金融業,893.0,監視,71.6,B,主導,62.0,28,68.0,,0.0,50.0,蓄積中,94.9,S,0.1169033697353478,0.1033724823149873
2026-07-15,2026-07-15,9304,澁澤倉庫,倉庫・運輸関連業,2051.0,監視,67.9,C,改善,58.0,9,77.0,C,52.0,49.8,高,98.8,S,0.3510052582614902,0.3372560367833832
2026-07-15,2026-07-15,8511,日本証券金融,その他金融業,2435.0,監視,67.4,C,主導,62.0,50,65.0,C,53.0,44.0,高,65.0,B,0.0188755262153066,0.005344638794946
2026-07-15,2026-07-15,3276,ＪＰＭＣ,不動産業,1721.0,監視,67.0,C,低迷,50.0,1,96.0,C,55.0,49.8,高,97.2,S,0.2940622726244914,0.2863296334341532
2026-07-15,2026-07-15,2175,エス・エム・エス,サービス業,2536.0,監視,66.7,C,低迷,50.0,5,82.0,C,60.0,49.8,高,97.9,S,0.2147761610574836,0.2069793205317576
2026-07-15,2026-07-15,2805,ヱスビー食品,食料品,6070.0,監視,63.1,C,減速,54.0,12,75.0,C,56.0,44.0,高,94.9,S,0.1948751131303143,0.1822621636455778
2026-07-15,2026-07-15,4174,アピリッツ,情報・通信業,851.0,監視,62.8,C,低迷,50.0,4,85.0,C,58.0,48.5,高,97.7,S,0.2814315648946079,0.2596962801387309
2026-07-15,2026-07-15,8439,東京センチュリー,その他金融業,2653.0,監視,61.8,C,主導,62.0,92,58.0,,0.0,50.0,蓄積中,82.1,A,0.044366304726769,0.0308354173064084
2026-07-15,2026-07-15,3946,トーモク,パルプ・紙,4255.0,監視,61.1,C,改善,58.0,36,67.0,,0.0,50.0,蓄積中,91.5,S,0.0947773887131706,0.0953744812189483
2026-07-15,2026-07-15,3708,特種東海製紙,パルプ・紙,2088.0,監視,59.6,C,改善,58.0,53,63.0,,0.0,50.0,蓄積中,93.3,S,0.1058681651254349,0.1064652576312126
2026-07-15,2026-07-15,9278,ブックオフグループホールディングス,小売業,2325.0,見送り,57.6,C,低迷,44.0,16,73.0,,0.0,50.0,蓄積中,83.0,A,0.1615029245017327,0.1688063346025732
2026-07-15,2026-07-15,2934,ジェイフロンティア,食料品,1805.0,見送り,57.0,C,減速,54.0,6,80.0,見送り,59.0,45.7,高,92.8,S,0.1931865980602829,0.1805736485755463
2026-07-15,2026-07-15,7047,ポート,サービス業,2717.0,見送り,54.9,C,低迷,50.0,19,72.0,,0.0,50.0,蓄積中,92.3,S,0.2096084347286244,0.2018115942028984
2026-07-15,2026-07-15,9274,ＫＰＰグループホールディングス,卸売業,1095.0,見送り,53.3,C,改善,50.0,78,60.0,,0.0,50.0,蓄積中,87.8,S,0.0915155798200049,0.0897489643556458
2026-07-15,2026-07-15,6951,日本電子,電気機器,8418.0,見送り,52.8,C,底上げ,30.0,40,65.0,,0.0,50.0,蓄積中,96.5,S,0.1870148729163472,0.2208846990572879
2026-07-15,2026-07-15,6099,エラン,サービス業,787.0,見送り,51.1,C,低迷,50.0,26,70.0,C,50.0,44.0,高,79.7,A,0.0714672525107447,0.0636704119850186
2026-07-15,2026-07-15,9902,日伝,卸売業,2802.0,見送り,50.2,C,改善,50.0,44,65.0,見送り,48.0,44.0,高,86.7,S,0.0749548671712871,0.0731882517069281
2026-07-15,2026-07-15,4746,東計電算,情報・通信業,4855.0,見送り,50.0,C,低迷,50.0,30,67.0,,0.0,50.0,蓄積中,87.2,S,0.1290044253560653,0.1072691406001883
2026-07-15,2026-07-15,9381,エーアイテイー,倉庫・運輸関連業,2319.0,見送り,49.4,C,改善,58.0,51,65.0,見送り,49.0,44.0,高,59.0,B,0.0116666932458942,-0.0020825282322127
2026-07-15,2026-07-15,3387,クリエイト・レストランツ・ホールディングス,小売業,800.0,見送り,48.6,C,低迷,44.0,43,65.0,C,51.0,44.0,高,87.2,S,0.094479962293474,0.1017833723943144
2026-07-15,2026-07-15,4381,ビープラッツ,情報・通信業,574.0,見送り,48.5,C,低迷,50.0,2,92.0,見送り,53.0,48.1,高,98.9,S,1.2621301738590591,1.240394889103182
2026-07-15,2026-07-15,3182,オイシックス・ラ・大地,小売業,1595.0,見送り,47.6,C,低迷,44.0,48,65.0,C,50.0,44.0,高,75.9,A,0.027341085369372,0.0346444954702125
2026-07-15,2026-07-15,7803,ブシロード,その他製品,413.0,見送り,46.6,C,低迷,50.0,3,87.0,見送り,52.0,48.8,高,99.2,S,0.5246207398967953,0.5138896270705997
2026-07-15,2026-07-15,6638,ミマキエンジニアリング,電気機器,2177.0,見送り,45.9,C,底上げ,30.0,63,60.0,,0.0,50.0,蓄積中,95.8,S,0.136560281385941,0.1704301075268817
2026-07-15,2026-07-15,9069,センコーグループホールディングス,陸運業,2132.0,見送り,45.7,C,低迷,55.0,80,60.0,,0.0,50.0,蓄積中,84.7,A,0.0838234897175127,0.0667438654435855
2026-07-15,2026-07-15,7846,パイロットコーポレーション,その他製品,1790.0,見送り,40.5,C,低迷,50.0,93,58.0,,0.0,50.0,蓄積中,76.2,A,0.0394861864564817,0.0287550736302861
2026-07-15,2026-07-15,5186,ニッタ,ゴム製品,6760.0,見送り,39.1,C,低迷,56.0,56,63.0,見送り,45.0,48.5,高,88.9,S,0.052946894116294,0.0615448863073037
2026-07-15,2026-07-15,3480,ジェイ・エス・ビー,不動産業,9000.0,見送り,38.7,C,低迷,50.0,57,61.0,,0.0,50.0,蓄積中,59.1,B,-0.0305253445355895,-0.0382579837259278
2026-07-15,2026-07-15,3877,中越パルプ工業,パルプ・紙,2129.0,見送り,36.3,C,改善,58.0,95,57.0,,0.0,50.0,蓄積中,75.0,A,0.0327634403921255,0.0333605328979031
2026-07-15,2026-07-15,7979,松風,精密機器,2189.0,見送り,35.2,C,低迷,39.0,45,65.0,見送り,48.0,44.0,高,89.6,S,0.0705701334957897,0.08286870506913
2026-07-16,2026-07-16,8624,いちよし証券,証券、商品先物取引業,1563.0,優先,83.7,A,主導,78.0,7,78.0,,0.0,50.0,蓄積中,75.3,A,0.1273595431948653,0.0745552985642306
2026-07-16,2026-07-16,8628,松井証券,証券、商品先物取引業,1095.0,優先,77.0,B,主導,78.0,17,71.0,,0.0,50.0,蓄積中,83.5,A,0.1024928015449069,0.0496885569142722
2026-07-16,2026-07-16,8613,丸三証券,証券、商品先物取引業,1160.0,優先,73.9,B,主導,78.0,11,76.0,,0.0,50.0,蓄積中,74.7,A,0.0718637143995182,0.0190594697688835
2026-07-16,2026-07-16,7327,第四北越フィナンシャルグループ,銀行業,2338.0,監視,65.4,C,減速,72.0,19,71.0,,0.0,50.0,蓄積中,80.9,A,0.0856891160199284,0.0367875475970109
2026-07-16,2026-07-16,9069,センコーグループホールディングス,陸運業,2121.0,監視,64.3,C,改善,57.0,57,63.0,,0.0,50.0,蓄積中,86.2,S,0.0887865513816206,0.068446653783552
2026-07-16,2026-07-16,9326,関通ホールディングス,倉庫・運輸関連業,510.0,監視,63.8,C,減速,53.0,2,83.0,,0.0,50.0,蓄積中,93.7,S,0.2091585321073716,0.2014902668137193
2026-07-16,2026-07-16,4668,明光ネットワークジャパン,サービス業,788.0,監視,63.1,C,低迷,50.0,8,78.0,,0.0,50.0,蓄積中,89.9,S,0.1267196743788179,0.1181846827008117
2026-07-16,2026-07-16,9304,澁澤倉庫,倉庫・運輸関連業,2040.0,監視,62.6,C,減速,53.0,9,77.0,C,53.0,49.7,高,98.9,S,0.3196090611790418,0.3119407958853895
2026-07-16,2026-07-16,7350,おきなわフィナンシャルグループ,銀行業,7310.0,監視,62.3,C,減速,72.0,28,68.0,,0.0,50.0,蓄積中,88.7,S,0.1134819544374687,0.0645803860145513
2026-07-16,2026-07-16,8541,愛媛銀行,銀行業,2421.0,監視,62.3,C,減速,72.0,27,68.0,,0.0,50.0,蓄積中,95.0,S,0.1878773690103332,0.1389758005874157
2026-07-16,2026-07-16,6951,日本電子,電気機器,8660.0,監視,61.1,C,低迷,13.0,6,78.0,B,74.0,41.1,高,98.0,S,0.2096756928187073,0.2634894634894635
2026-07-16,2026-07-16,4413,ボードルア,情報・通信業,3110.0,監視,61.0,C,低迷,50.0,13,75.0,C,59.0,41.2,高,97.0,S,0.1828254244413645,0.1627732539280664
2026-07-16,2026-07-16,8136,サンリオ,卸売業,1216.5,監視,58.1,C,低迷,50.0,20,70.0,,0.0,50.0,蓄積中,95.0,S,0.3350836921056304,0.3320771049660921
2026-07-16,2026-07-16,9278,ブックオフグループホールディングス,小売業,2410.0,見送り,57.1,C,低迷,44.0,10,77.0,C,55.0,49.7,高,91.1,S,0.2071918903349048,0.2064680064680064
2026-07-16,2026-07-16,9449,ＧＭＯインターネットグループ,情報・通信業,4075.0,見送り,56.1,C,低迷,50.0,22,70.0,,0.0,50.0,蓄積中,96.5,S,0.275711868009812,0.2556596974965139
2026-07-16,2026-07-16,6033,エクストリーム,サービス業,1648.0,見送り,55.9,C,低迷,50.0,5,80.0,見送り,62.0,42.0,高,92.4,S,0.1786204617634761,0.1700854700854699
2026-07-16,2026-07-16,9279,ギフトホールディングス,小売業,4970.0,見送り,55.5,C,低迷,44.0,24,70.0,C,53.0,41.2,高,89.7,S,0.1560381969881243,0.155314313121226
2026-07-16,2026-07-16,3946,トーモク,パルプ・紙,4245.0,見送り,55.0,C,減速,52.0,18,71.0,,0.0,50.0,蓄積中,92.1,S,0.097289149397681,0.0986860902110824
2026-07-16,2026-07-16,7047,ポート,サービス業,2690.0,見送り,54.9,C,低迷,50.0,16,72.0,,0.0,50.0,蓄積中,91.6,S,0.1918026214066159,0.1832676297286097
2026-07-16,2026-07-16,4419,Ｆｉｎａｔｅｘｔホールディングス,情報・通信業,1697.0,見送り,54.1,C,低迷,50.0,21,70.0,,0.0,50.0,蓄積中,98.5,S,0.2857793498673682,0.2657271793540701
2026-07-16,2026-07-16,3708,特種東海製紙,パルプ・紙,2074.0,見送り,53.5,C,減速,52.0,30,67.0,,0.0,50.0,蓄積中,94.1,S,0.1184183482427785,0.1198152890561798
2026-07-16,2026-07-16,9010,富士急行,陸運業,2693.0,見送り,53.3,C,改善,57.0,99,55.0,,0.0,50.0,蓄積中,73.0,A,0.0282018327734185,0.00786193517535
2026-07-16,2026-07-16,8566,リコーリース,その他金融業,6580.0,見送り,52.0,C,減速,59.0,35,66.0,,0.0,50.0,蓄積中,73.3,A,0.0447039161014166,0.0255776927668902
2026-07-16,2026-07-16,7867,タカラトミー,その他製品,3466.0,見送り,50.5,C,低迷,51.0,39,65.0,C,50.0,41.2,高,94.8,S,0.1488042217213145,0.1380360830733193
2026-07-16,2026-07-16,8439,東京センチュリー,その他金融業,2654.0,見送り,49.5,C,減速,59.0,64,62.0,,0.0,50.0,蓄積中,78.7,A,0.0322578763843006,0.0131316530497742
2026-07-16,2026-07-16,7128,ユニソルホールディングス,卸売業,2595.0,見送り,49.2,C,低迷,50.0,37,65.0,,0.0,50.0,蓄積中,94.4,S,0.2377659039250237,0.2347593167854854
2026-07-16,2026-07-16,7803,ブシロード,その他製品,415.0,見送り,48.3,C,低迷,51.0,1,91.0,見送り,52.0,46.2,高,99.4,S,0.5314448303773185,0.5206766917293233
2026-07-16,2026-07-16,5186,ニッタ,ゴム製品,6740.0,見送り,46.7,C,低迷,56.0,62,62.0,,0.0,50.0,蓄積中,90.8,S,0.0601474431289066,0.0705320239419016
2026-07-16,2026-07-16,7610,テイツー,小売業,151.0,見送り,46.5,C,低迷,44.0,26,70.0,見送り,58.0,42.0,高,68.6,B,0.0272385103815249,0.0265146265146265
2026-07-16,2026-07-16,9274,ＫＰＰグループホールディングス,卸売業,1088.0,見送り,45.4,C,低迷,50.0,52,63.0,,0.0,50.0,蓄積中,87.5,S,0.0952613965862292,0.0922548094466909
2026-07-16,2026-07-16,7846,パイロットコーポレーション,その他製品,1807.5,見送り,45.3,C,低迷,51.0,61,62.0,,0.0,50.0,蓄積中,85.1,S,0.0709700038671459,0.0602018652191507
2026-07-16,2026-07-16,3480,ジェイ・エス・ビー,不動産業,8990.0,見送り,35.7,C,低迷,50.0,67,61.0,,0.0,50.0,蓄積中,60.6,B,-0.0275919598164287,-0.0381021005284074
2026-07-16,2026-07-16,6638,ミマキエンジニアリング,電気機器,2189.0,見送り,35.5,C,低迷,13.0,48,63.0,,0.0,50.0,蓄積中,95.8,S,0.1203758192668651,0.1741895899376213
2026-07-16,2026-07-16,4809,パラカ,不動産業,2079.0,見送り,35.2,C,低迷,50.0,42,65.0,見送り,49.0,41.2,高,50.1,C,-6.881534821978619e-06,-0.0105170222468007
2026-07-16,2026-07-16,7979,松風,精密機器,2209.0,見送り,35.1,C,低迷,30.0,85,58.0,,0.0,50.0,蓄積中,89.6,S,0.0600081064828112,0.0774061702189926
2026-07-16,2026-07-16,6750,エレコム,電気機器,1851.0,見送り,29.4,C,低迷,13.0,100,55.0,,0.0,50.0,蓄積中,79.4,A,0.0253946822279016,0.0792084528986578
2026-07-16,2026-07-16,3877,中越パルプ工業,パルプ・紙,2123.0,見送り,27.2,C,減速,52.0,66,61.0,,0.0,50.0,蓄積中,76.5,A,0.0349217089464868,0.0363186497598881
2026-07-17,2026-07-17,3946,トーモク,パルプ・紙,4325.0,優先,82.6,A,改善,48.0,2,86.0,,0.0,50.0,蓄積中,94.1,S,0.1244827912386924,0.1137540922861389
2026-07-17,2026-07-17,7581,サイゼリヤ,小売業,7600.0,監視,71.0,B,改善,47.0,3,85.0,C,66.0,32.0,高,99.1,S,0.4390361024330785,0.4304654022586069
2026-07-17,2026-07-17,9278,ブックオフグループホールディングス,小売業,2481.0,監視,70.8,B,改善,47.0,5,82.0,C,58.0,47.1,高,93.6,S,0.2513069954194539,0.2427362952449823
2026-07-17,2026-07-17,9069,センコーグループホールディングス,陸運業,2195.0,監視,68.8,B,改善,57.0,21,67.0,,0.0,50.0,蓄積中,91.8,S,0.1456864914309777,0.1134078884203543
2026-07-17,2026-07-17,7309,シマノ,輸送用機器,18755.0,監視,67.2,C,底上げ,39.0,26,65.0,B,66.0,32.2,高,84.8,A,0.0703929871488883,0.0745705156805831
2026-07-17,2026-07-17,7616,コロワイド,小売業,1987.0,監視,65.5,C,改善,47.0,17,68.0,C,55.0,49.0,高,84.2,A,0.15639049694042,0.1478197967659484
2026-07-17,2026-07-17,7867,タカラトミー,その他製品,3531.0,監視,61.6,C,低迷,37.0,8,78.0,C,64.0,49.0,高,96.7,S,0.1872760640388017,0.1808289740666175
2026-07-17,2026-07-17,2354,ＹＥ　ＤＩＧＩＴＡＬ,情報・通信業,1059.0,監視,60.6,C,低迷,41.0,10,75.0,C,67.0,32.0,高,93.6,S,0.156969563725465,0.1289138576779027
2026-07-17,2026-07-17,7389,あいちフィナンシャルグループ,銀行業,1687.0,監視,60.2,C,低迷,39.0,7,78.0,,0.0,50.0,蓄積中,78.9,A,0.2253213472433001,0.2073591222586617
2026-07-17,2026-07-17,9010,富士急行,陸運業,2638.0,見送り,57.4,C,改善,57.0,47,58.0,,0.0,50.0,蓄積中,72.2,A,0.034238174725598,0.0019595717149746
2026-07-17,2026-07-17,8136,サンリオ,卸売業,1204.5,見送り,56.3,C,低迷,39.0,11,73.0,,0.0,50.0,蓄積中,94.8,S,0.2923944003267721,0.2913597959509006
2026-07-17,2026-07-17,6033,エクストリーム,サービス業,1675.0,見送り,56.0,C,低迷,35.0,4,83.0,,0.0,50.0,蓄積中,94.1,S,0.2092097202429509,0.2014806628465999
2026-07-17,2026-07-17,8566,リコーリース,その他金融業,6580.0,見送り,55.2,C,減速,54.0,14,70.0,,0.0,50.0,蓄積中,74.8,A,0.05022159624579,0.0250172654952355
2026-07-17,2026-07-17,3950,ザ・パック,パルプ・紙,1421.0,見送り,51.6,C,改善,48.0,49,57.0,,0.0,50.0,蓄積中,69.2,B,0.0251558382352689,0.0144271392827154
2026-07-17,2026-07-17,9143,ＳＧホールディングス,陸運業,1620.0,見送り,49.2,C,改善,57.0,41,60.0,見送り,48.0,40.7,高,78.9,A,0.0793531005866138,0.0470744975759903
2026-07-17,2026-07-17,2433,博報堂ＤＹホールディングス,サービス業,1268.5,見送り,49.1,C,低迷,35.0,23,65.0,C,54.0,40.7,高,93.3,S,0.1419329336888349,0.1342038762924839
2026-07-17,2026-07-17,9908,日本電計,卸売業,2630.0,見送り,48.2,C,低迷,39.0,27,65.0,C,52.0,40.7,高,73.8,A,0.0281116619990372,0.0270770576231658
2026-07-17,2026-07-17,4722,フューチャー,情報・通信業,2161.0,見送り,47.7,C,低迷,41.0,6,78.0,,0.0,50.0,蓄積中,98.2,S,0.4493715578337812,0.421315851786219
2026-07-17,2026-07-17,2121,ＭＩＸＩ,情報・通信業,2958.0,見送り,46.9,C,低迷,41.0,38,60.0,,0.0,50.0,蓄積中,90.8,S,0.1232704395626621,0.0952147335150999
2026-07-17,2026-07-17,7979,松風,精密機器,2209.0,見送り,45.0,C,低迷,17.0,13,72.0,C,51.0,49.0,高,92.8,S,0.081499307826495,0.112147253650755
2026-07-17,2026-07-17,7476,アズワン,卸売業,2483.0,見送り,44.3,C,低迷,39.0,40,60.0,,0.0,50.0,蓄積中,90.2,S,0.0985195149376544,0.0974849105617829
2026-07-17,2026-07-17,6869,シスメックス,電気機器,1628.0,見送り,43.0,C,低迷,5.0,22,65.0,C,64.0,32.2,高,93.2,S,0.1738512841555725,0.2543890950613759
2026-07-17,2026-07-17,9517,イーレックス,電気・ガス業,887.0,見送り,42.3,C,底上げ,41.0,77,40.0,,0.0,50.0,蓄積中,73.7,A,0.1953713902094832,0.1846458545190514
2026-07-17,2026-07-17,7846,パイロットコーポレーション,その他製品,1803.0,見送り,41.5,C,低迷,37.0,34,62.0,,0.0,50.0,蓄積中,86.8,S,0.0761294501852386,0.0696823602130545
2026-07-17,2026-07-17,4665,ダスキン,サービス業,4538.0,見送り,41.4,C,低迷,35.0,51,55.0,,0.0,50.0,蓄積中,84.8,A,0.0690744901490093,0.0613454327526583
2026-07-17,2026-07-17,5216,倉元製作所,ガラス・土石製品,184.0,見送り,40.2,C,低迷,8.0,59,50.0,,0.0,50.0,蓄積中,87.5,S,0.4291217946965936,0.4626634130797549
2026-07-17,2026-07-17,2922,なとり,食料品,2000.0,見送り,33.7,C,改善,54.0,56,53.0,,0.0,50.0,蓄積中,63.9,B,0.0203444987228648,-0.0018838641744427
2026-07-17,2026-07-17,5189,櫻護謨,ゴム製品,3980.0,見送り,33.4,C,低迷,42.0,1,87.0,見送り,45.0,47.1,高,88.4,S,0.3267169701305167,0.3328686539814841
2026-07-17,2026-07-17,4919,ミルボン,化学,2834.0,見送り,32.6,C,低迷,25.0,52,55.0,,0.0,50.0,蓄積中,75.2,A,0.0566416741191856,0.0751946123006619
2026-07-17,2026-07-17,7888,三光合成,化学,917.0,見送り,32.0,C,低迷,25.0,99,35.0,,0.0,50.0,蓄積中,84.9,A,0.1294257040763421,0.1479786422578184
2026-07-17,2026-07-17,3480,ジェイ・エス・ビー,不動産業,8980.0,見送り,28.6,C,低迷,35.0,37,61.0,見送り,49.0,49.0,高,63.1,B,-0.0196971029412017,-0.0270346583988484
2026-07-17,2026-07-17,4958,長谷川香料,化学,3300.0,見送り,27.8,C,低迷,25.0,63,50.0,,0.0,50.0,蓄積中,67.9,B,-0.0058722181485749,0.0126807200329013
2026-07-17,2026-07-17,1418,インターライフホールディングス,建設業,593.0,見送り,25.8,C,低迷,13.0,96,35.0,,0.0,50.0,蓄積中,87.7,S,0.1453323666069318,0.1696096222198893
2026-07-17,2026-07-17,5532,リアルゲイト,不動産業,3595.0,見送り,25.8,C,低迷,35.0,95,35.0,,0.0,50.0,蓄積中,58.8,B,0.1456189424396735,0.1382813869820268
2026-07-17,2026-07-17,6505,東洋電機製造,電気機器,2462.0,見送り,24.5,C,低迷,5.0,67,45.0,,0.0,50.0,蓄積中,75.1,A,0.1943068418319739,0.2748446527377773
2026-07-17,2026-07-17,7921,ＴＡＫＡＲＡ　＆　ＣＯＭＰＡＮＹ,その他製品,4450.0,見送り,23.3,C,低迷,37.0,79,35.0,,0.0,50.0,蓄積中,97.0,S,0.4043028970587982,0.397855807086614
2026-07-17,2026-07-17,3276,ＪＰＭＣ,不動産業,1781.0,見送り,22.8,C,低迷,35.0,83,35.0,,0.0,50.0,蓄積中,98.6,S,0.3398448817916227,0.332507326333976
2026-07-17,2026-07-17,1407,ウエストホールディングス,建設業,2835.0,見送り,21.8,C,低迷,13.0,91,35.0,,0.0,50.0,蓄積中,97.2,S,0.2596350270226971,0.2839122826356546
2026-07-17,2026-07-17,1447,ＳＡＡＦホールディングス,建設業,405.0,見送り,21.7,C,低迷,13.0,72,40.0,,0.0,50.0,蓄積中,98.1,S,0.4063592350869672,0.4306364906999247
2026-07-17,2026-07-17,9326,関通ホールディングス,倉庫・運輸関連業,510.0,見送り,20.6,C,低迷,35.0,76,40.0,,0.0,50.0,蓄積中,94.9,S,0.2211788094675574,0.215447498920644
2026-07-21,2026-07-21,3946,トーモク,パルプ・紙,4480.0,最優先,93.7,S,加速,63.0,5,86.0,B,65.0,39.1,高,95.7,S,0.1584112366985512,0.1409761574134047
2026-07-21,2026-07-21,9831,ヤマダホールディングス,小売業,728.0999755859375,優先,83.0,A,改善,53.0,11,78.0,B,73.0,28.9,高,92.0,S,0.08202488556258,0.0745634384449438
2026-07-21,2026-07-21,7389,あいちフィナンシャルグループ,銀行業,1824.0,優先,82.8,A,加速,62.0,4,87.0,C,55.0,39.1,高,87.5,S,0.2757372991780213,0.2315475642052393
2026-07-21,2026-07-21,3864,三菱製紙,パルプ・紙,1226.0,優先,80.5,A,加速,63.0,15,75.0,C,59.0,39.1,高,95.1,S,0.1546233870336402,0.1371883077484936
2026-07-21,2026-07-21,7322,三十三フィナンシャルグループ,銀行業,1932.0,優先,78.3,A,加速,62.0,22,70.0,C,55.0,39.1,高,83.4,A,0.1092332676279341,0.0650435326551521
2026-07-21,2026-07-21,7867,タカラトミー,その他製品,3690.0,優先,78.3,A,改善,45.0,7,82.0,,0.0,50.0,蓄積中,97.4,S,0.1907240708410362,0.1853973857070727
2026-07-21,2026-07-21,8393,宮崎銀行,銀行業,2363.0,優先,78.3,A,加速,62.0,21,70.0,C,56.0,39.1,高,83.7,A,0.122765251060976,0.078575516088194
2026-07-21,2026-07-21,9278,ブックオフグループホールディングス,小売業,2638.0,優先,75.9,B,改善,53.0,1,91.0,C,53.0,39.1,高,96.6,S,0.3312794346548244,0.3238179875371882
2026-07-21,2026-07-21,2674,ハードオフコーポレーション,小売業,2863.0,優先,73.6,B,改善,53.0,12,77.0,,0.0,50.0,蓄積中,93.4,S,0.0941498546596621,0.086688407542026
2026-07-21,2026-07-21,7803,ブシロード,その他製品,397.0,監視,71.5,B,改善,45.0,9,80.0,C,55.0,37.3,高,99.3,S,0.4404526946020781,0.4351260094681146
2026-07-21,2026-07-21,8698,マネックスグループ,証券、商品先物取引業,757.0,監視,65.1,C,改善,57.0,35,65.0,,0.0,50.0,蓄積中,86.5,S,0.1793474999505577,0.1397655616759739
2026-07-21,2026-07-21,4326,インテージホールディングス,情報・通信業,1907.0,監視,64.8,C,改善,45.0,24,70.0,C,50.0,39.1,高,88.7,S,0.0892137796307688,0.0699053163684126
2026-07-21,2026-07-21,3708,特種東海製紙,パルプ・紙,2102.0,監視,63.8,C,加速,63.0,52,60.0,,0.0,50.0,蓄積中,95.3,S,0.1352707942982267,0.1178357150130802
2026-07-21,2026-07-21,4475,ＨＥＮＮＧＥ,情報・通信業,1338.0,監視,63.8,C,改善,45.0,18,70.0,C,52.0,37.3,高,98.1,S,0.2590996652721702,0.239791202009814
2026-07-21,2026-07-21,4762,エックスネット,情報・通信業,1990.0,監視,63.5,C,改善,45.0,10,80.0,見送り,59.0,36.0,高,97.7,S,0.2457233498727333,0.2264148866103772
2026-07-21,2026-07-21,2809,キユーピー,食料品,4649.0,監視,63.2,C,改善,57.0,54,60.0,,0.0,50.0,蓄積中,88.8,S,0.0908634235566836,0.0727863590225432
2026-07-21,2026-07-21,2492,インフォマート,サービス業,531.0,監視,62.7,C,改善,45.0,14,75.0,C,57.0,39.1,高,95.1,S,0.3212273623996466,0.3117414172946693
2026-07-21,2026-07-21,9304,澁澤倉庫,倉庫・運輸関連業,2136.0,監視,62.7,C,改善,45.0,13,75.0,C,57.0,39.1,高,99.3,S,0.3331965552463856,0.3244045535953228
2026-07-21,2026-07-21,6098,リクルートホールディングス,サービス業,12920.0,監視,62.0,C,改善,45.0,51,60.0,,0.0,50.0,蓄積中,97.1,S,0.1393130934624771,0.1298271483574997
2026-07-21,2026-07-21,2590,ダイドーグループホールディングス,食料品,2925.0,監視,61.2,C,改善,57.0,53,60.0,,0.0,50.0,蓄積中,85.5,S,0.1011728114706869,0.0830957469365465
2026-07-21,2026-07-21,2433,博報堂ＤＹホールディングス,サービス業,1260.0,監視,61.1,C,改善,45.0,44,63.0,,0.0,50.0,蓄積中,92.2,S,0.1212929226784871,0.1118069775735097
2026-07-21,2026-07-21,9069,センコーグループホールディングス,陸運業,2225.5,監視,59.9,C,減速,57.0,29,67.0,,0.0,50.0,蓄積中,91.1,S,0.1407819560044589,0.1019443778412726
2026-07-21,2026-07-21,7476,アズワン,卸売業,2485.0,監視,59.1,C,改善,45.0,42,63.0,,0.0,50.0,蓄積中,90.8,S,0.1285904827398662,0.1278990360243495
2026-07-21,2026-07-21,8566,リコーリース,その他金融業,6770.0,監視,58.2,C,減速,54.0,25,70.0,,0.0,50.0,蓄積中,80.5,A,0.0655515798951382,0.0331928254070761
2026-07-21,2026-07-21,3276,ＪＰＭＣ,不動産業,1774.0,監視,58.1,C,改善,50.0,17,70.0,,0.0,50.0,蓄積中,98.5,S,0.3420854178125276,0.328341121749834
2026-07-21,2026-07-21,8630,ＳＯＭＰＯホールディングス,保険業,6946.0,監視,58.1,C,改善,49.0,69,55.0,,0.0,50.0,蓄積中,82.4,A,0.0454809927562471,0.0428816268247481
2026-07-21,2026-07-21,7458,第一興商,卸売業,1801.0,監視,58.0,C,改善,45.0,55,60.0,,0.0,50.0,蓄積中,80.0,A,0.0706017253927222,0.0699102786772054
2026-07-21,2026-07-21,7175,今村証券,証券、商品先物取引業,1629.0,見送り,56.0,C,改善,57.0,20,70.0,,0.0,50.0,蓄積中,91.7,S,0.151373114659554,0.1117911763849702
2026-07-21,2026-07-21,2503,キリンホールディングス,食料品,2921.5,見送り,55.4,C,改善,57.0,84,50.0,,0.0,50.0,蓄積中,66.4,B,0.0093921783761403,-0.008684886158
2026-07-21,2026-07-21,2721,ジェイホールディングス,卸売業,147.0,見送り,52.2,C,改善,45.0,90,45.0,,0.0,50.0,蓄積中,95.4,S,0.2053764418787667,0.2046849951632499
2026-07-21,2026-07-21,6869,シスメックス,電気機器,1602.0,見送り,49.5,C,底上げ,13.0,43,63.0,,0.0,50.0,蓄積中,91.1,S,0.1230150338394804,0.1992903255018123
2026-07-21,2026-07-21,8931,和田興産,不動産業,1403.0,見送り,48.7,C,改善,50.0,99,40.0,,0.0,50.0,蓄積中,70.2,A,0.0826913646757998,0.0689470686131061
2026-07-21,2026-07-21,6237,イワキポンプ,機械,4745.0,見送り,47.3,C,底上げ,17.0,33,65.0,,0.0,50.0,蓄積中,99.4,S,0.2559901833102986,0.2988046447315089
2026-07-21,2026-07-21,9048,名古屋鉄道,陸運業,1932.5,見送り,46.3,C,減速,57.0,68,55.0,,0.0,50.0,蓄積中,75.1,A,0.053625918288338,0.0147883401251517
2026-07-21,2026-07-21,4919,ミルボン,化学,2848.0,見送り,43.2,C,底上げ,34.0,59,58.0,,0.0,50.0,蓄積中,78.2,A,0.0571052249950665,0.0811173889523351
2026-07-21,2026-07-21,4634,ａｒｔｉｅｎｃｅ,化学,4560.0,見送り,42.1,C,底上げ,34.0,71,55.0,,0.0,50.0,蓄積中,77.8,A,0.0232001071416385,0.0472122710989071
2026-07-21,2026-07-21,2997,ストレージ王,不動産業,1336.0,見送り,40.7,C,改善,50.0,92,40.0,,0.0,50.0,蓄積中,98.9,S,0.3883413475862725,0.3745970515235788
2026-07-21,2026-07-21,7888,三光合成,化学,954.0,見送り,38.4,C,底上げ,34.0,96,40.0,,0.0,50.0,蓄積中,89.2,S,0.1761505922468784,0.200162756204147
2026-07-21,2026-07-21,9039,サカイ引越センター,陸運業,2976.0,見送り,36.4,C,減速,57.0,83,50.0,,0.0,50.0,蓄積中,51.5,C,0.0113699379475931,-0.0274676402155932
2026-07-21,2026-07-21,5189,櫻護謨,ゴム製品,3610.0,見送り,33.7,C,改善,50.0,94,40.0,,0.0,50.0,蓄積中,70.1,A,0.1979734806942927,0.2028364288377638
2026-07-22,2026-07-22,3946,トーモク,パルプ・紙,4465.0,優先,82.8,A,主導,65.0,3,85.0,C,61.0,41.3,高,95.1,S,0.144648331440134,0.1326865273132581
2026-07-22,2026-07-22,7389,あいちフィナンシャルグループ,銀行業,1815.0,優先,79.3,A,加速,78.0,5,77.0,C,56.0,41.3,高,87.2,S,0.2789931444429502,0.2209452232803623
2026-07-22,2026-07-22,8622,水戸証券,証券、商品先物取引業,779.0,優先,79.3,A,加速,62.0,9,70.0,C,56.0,41.9,高,88.7,S,0.1511798515857282,0.1182815620311242
2026-07-22,2026-07-22,7184,富山第一銀行,銀行業,2969.0,優先,76.9,B,加速,78.0,16,68.0,,0.0,50.0,蓄積中,80.4,A,0.1658409215262321,0.1077930003636442
2026-07-22,2026-07-22,8541,愛媛銀行,銀行業,2484.0,優先,76.9,B,加速,78.0,15,68.0,,0.0,50.0,蓄積中,96.7,S,0.2032461848313193,0.1451982636687314
2026-07-22,2026-07-22,8708,アイザワ証券グループ,証券、商品先物取引業,1653.0,優先,76.3,B,加速,62.0,11,70.0,C,53.0,41.9,高,84.1,A,0.0948346606413922,0.0619363710867882
2026-07-22,2026-07-22,8628,松井証券,証券、商品先物取引業,1109.0,優先,72.4,B,加速,62.0,26,65.0,C,53.0,41.9,高,87.9,S,0.1146735272931444,0.0817752377385404
2026-07-22,2026-07-22,8566,リコーリース,その他金融業,6820.0,監視,71.9,B,改善,57.0,6,75.0,C,53.0,41.3,高,83.2,A,0.0726160601542441,0.0458740237408391
2026-07-22,2026-07-22,3950,ザ・パック,パルプ・紙,1451.0,監視,66.6,C,主導,65.0,19,66.0,,0.0,50.0,蓄積中,80.0,A,0.058616685522017,0.0466548813951411
2026-07-22,2026-07-22,3708,特種東海製紙,パルプ・紙,2127.0,監視,65.5,C,主導,65.0,27,63.0,,0.0,50.0,蓄積中,95.7,S,0.1376546025130257,0.1256927983861498
2026-07-22,2026-07-22,3087,ドトール・日レスホールディングス,小売業,3085.0,監視,63.8,C,減速,45.0,10,70.0,C,59.0,41.9,高,87.6,S,0.1326448631012925,0.1350864508531993
2026-07-22,2026-07-22,9274,ＫＰＰグループホールディングス,卸売業,1109.0,監視,62.6,C,低迷,45.0,7,75.0,C,62.0,41.9,高,84.2,A,0.0620652871849044,0.0570735208753531
2026-07-22,2026-07-22,6237,イワキポンプ,機械,4800.0,監視,59.8,C,底上げ,30.0,8,73.0,,0.0,50.0,蓄積中,99.6,S,0.3216402455913075,0.3586565156157741
2026-07-22,2026-07-22,5575,Ｇｌｏｂｅｅ,情報・通信業,1226.0,監視,59.6,C,減速,45.0,2,88.0,,0.0,50.0,蓄積中,99.3,S,0.971702940060262,0.9500070057447104
2026-07-22,2026-07-22,9304,澁澤倉庫,倉庫・運輸関連業,1838.0,見送り,56.7,C,改善,50.0,85,40.0,,0.0,50.0,蓄積中,94.5,S,0.1056129852518931,0.091890734932861
2026-07-22,2026-07-22,8511,日本証券金融,その他金融業,2433.0,見送り,56.3,C,改善,57.0,59,55.0,,0.0,50.0,蓄積中,65.3,B,0.0187739118453101,-0.0079681245680948
2026-07-22,2026-07-22,8591,オリックス,その他金融業,6582.0,見送り,55.4,C,改善,57.0,67,50.0,,0.0,50.0,蓄積中,66.6,B,0.001020647773514,-0.0257213886398909
2026-07-22,2026-07-22,8725,ＭＳ＆ＡＤインシュアランスグループホールディングス,保険業,4801.0,見送り,54.3,C,改善,53.0,66,50.0,,0.0,50.0,蓄積中,66.2,B,0.0019448640878781,-0.0114332820616981
2026-07-22,2026-07-22,2354,ＹＥ　ＤＩＧＩＴＡＬ,情報・通信業,1220.0,見送り,54.1,C,減速,45.0,1,92.0,見送り,64.0,33.9,高,97.6,S,0.3114243966103854,0.2897284622948339
2026-07-22,2026-07-22,6178,日本郵政,サービス業,2453.5,見送り,54.1,C,減速,45.0,33,63.0,,0.0,50.0,蓄積中,90.5,S,0.069541818053083,0.0629230818802447
2026-07-22,2026-07-22,4733,オービックビジネスコンサルタント,情報・通信業,6840.0,見送り,50.2,C,減速,45.0,72,45.0,,0.0,50.0,蓄積中,80.6,A,0.1752782635232134,0.1535823292076619
2026-07-22,2026-07-22,7128,ユニソルホールディングス,卸売業,2659.0,見送り,47.9,C,低迷,45.0,20,65.0,,0.0,50.0,蓄積中,95.7,S,0.2576758413480901,0.2526840750385387
2026-07-22,2026-07-22,8163,ＳＲＳホールディングス,小売業,1305.0,見送り,46.7,C,減速,45.0,34,62.0,,0.0,50.0,蓄積中,81.0,A,0.0557478468251336,0.0581894345770405
2026-07-22,2026-07-22,9639,三協フロンテア,サービス業,2256.0,見送り,44.0,C,減速,45.0,46,60.0,,0.0,50.0,蓄積中,45.4,C,-0.0305404502120344,-0.0371591863848727
2026-07-22,2026-07-22,6200,インソース,サービス業,690.0,見送り,43.4,C,減速,45.0,81,40.0,,0.0,50.0,蓄積中,79.3,A,0.1556385007840696,0.1490197646112313
2026-07-22,2026-07-22,4972,綜研化学,化学,3780.0,見送り,43.0,C,低迷,34.0,38,60.0,,0.0,50.0,蓄積中,88.4,S,0.1125518059933409,0.1297009353673427
2026-07-22,2026-07-22,9900,サガミホールディングス,小売業,1915.0,見送り,42.4,C,減速,45.0,79,40.0,,0.0,50.0,蓄積中,89.9,S,0.1808356841618575,0.1832772719137644
2026-07-22,2026-07-22,4634,ａｒｔｉｅｎｃｅ,化学,4585.0,見送り,42.2,C,低迷,34.0,50,58.0,,0.0,50.0,蓄積中,80.7,A,0.0356373662897703,0.0527864956637721
2026-07-22,2026-07-22,6638,ミマキエンジニアリング,電気機器,2213.0,見送り,42.2,C,低迷,13.0,23,65.0,,0.0,50.0,蓄積中,97.8,S,0.1658929898292555,0.2269618951592775
2026-07-22,2026-07-22,3480,ジェイ・エス・ビー,不動産業,9010.0,見送り,41.4,C,低迷,50.0,60,55.0,,0.0,50.0,蓄積中,58.5,B,-0.034792368275201,-0.0477643560928775
2026-07-22,2026-07-22,7803,ブシロード,その他製品,376.0,見送り,40.4,C,減速,45.0,74,40.0,,0.0,50.0,蓄積中,99.2,S,0.3969813783032855,0.3955575417914774
2026-07-22,2026-07-22,4025,多木化学,化学,5380.0,見送り,38.4,C,低迷,34.0,84,40.0,,0.0,50.0,蓄積中,94.3,S,0.1226004235695553,0.1397495529435571
2026-07-22,2026-07-22,8037,カメイ,卸売業,3715.0,見送り,38.0,C,低迷,45.0,56,55.0,,0.0,50.0,蓄積中,78.4,A,0.0340169466365637,0.0290251803270124
2026-07-22,2026-07-22,6737,ＥＩＺＯ,電気機器,2750.0,見送り,37.3,C,低迷,13.0,39,60.0,,0.0,50.0,蓄積中,94.9,S,0.1091342920918315,0.1702031974218536
2026-07-22,2026-07-22,7921,ＴＡＫＡＲＡ　＆　ＣＯＭＰＡＮＹ,その他製品,4395.0,見送り,33.5,C,減速,45.0,94,35.0,,0.0,50.0,蓄積中,96.4,S,0.3957983589889385,0.3943745224771304
2026-07-22,2026-07-22,6448,ブラザー工業,電気機器,3927.0,見送り,29.5,C,低迷,13.0,68,50.0,,0.0,50.0,蓄積中,78.7,A,0.0007557633753806,0.0618246687054027
2026-07-22,2026-07-22,2997,ストレージ王,不動産業,1337.0,見送り,28.7,C,低迷,50.0,75,40.0,,0.0,50.0,蓄積中,98.8,S,0.3811874689663218,0.3682154811486453
2026-07-22,2026-07-22,3276,ＪＰＭＣ,不動産業,1787.0,見送り,26.8,C,低迷,50.0,97,35.0,,0.0,50.0,蓄積中,98.5,S,0.3396617858203389,0.3266897980026624
2026-07-23,2026-07-23,7184,富山第一銀行,銀行業,3035.0,優先,83.0,A,加速,84.0,9,72.0,,0.0,50.0,蓄積中,83.4,A,0.2055775264018382,0.1109120529915081
2026-07-23,2026-07-23,8541,愛媛銀行,銀行業,2508.0,優先,83.0,A,加速,84.0,8,72.0,,0.0,50.0,蓄積中,96.9,S,0.2322417847106725,0.1375763113003425
2026-07-23,2026-07-23,8386,百十四銀行,銀行業,2904.0,優先,80.1,A,加速,84.0,24,67.0,,0.0,50.0,蓄積中,81.7,A,0.1336379003152268,0.0389724269048967
2026-07-23,2026-07-23,8622,水戸証券,証券、商品先物取引業,791.0,優先,79.1,A,加速,68.0,6,73.0,,0.0,50.0,蓄積中,90.5,S,0.1918961404803125,0.1409060862616908
2026-07-23,2026-07-23,8630,ＳＯＭＰＯホールディングス,保険業,6946.0,優先,72.4,B,加速,69.0,59,60.0,,0.0,50.0,蓄積中,85.6,S,0.0909723442509951,0.044171690774756
2026-07-23,2026-07-23,8766,東京海上ホールディングス,保険業,7958.0,優先,72.4,B,加速,69.0,55,60.0,,0.0,50.0,蓄積中,82.8,A,0.1034754260655022,0.0566747725892631
2026-07-23,2026-07-23,8628,松井証券,証券、商品先物取引業,1123.0,監視,71.3,B,加速,68.0,35,63.0,,0.0,50.0,蓄積中,89.2,S,0.1351837925683079,0.0841937383496862
2026-07-23,2026-07-23,8609,岡三証券グループ,証券、商品先物取引業,1071.0,監視,66.3,C,加速,68.0,40,63.0,,0.0,50.0,蓄積中,87.5,S,0.1010867695131043,0.0500967152944826
2026-07-23,2026-07-23,8725,ＭＳ＆ＡＤインシュアランスグループホールディングス,保険業,4873.0,監視,65.7,C,加速,69.0,71,58.0,,0.0,50.0,蓄積中,79.3,A,0.0567812471607256,0.0099805936844865
2026-07-23,2026-07-23,3950,ザ・パック,パルプ・紙,1455.0,見送り,57.7,C,減速,62.0,12,71.0,,0.0,50.0,蓄積中,80.1,A,0.0648334828517069,0.0421543330104977
2026-07-23,2026-07-23,9308,乾汽船,海運業,1700.0,見送り,57.1,C,改善,53.0,53,60.0,,0.0,50.0,蓄積中,90.3,S,0.13252396545707,0.09165550887237
2026-07-23,2026-07-23,3091,ブロンコビリー,小売業,2453.0,見送り,56.8,C,低迷,45.0,17,70.0,C,58.0,42.6,高,77.9,A,0.02708880245602,0.0327004184876607
2026-07-23,2026-07-23,3708,特種東海製紙,パルプ・紙,2147.0,見送り,56.2,C,減速,62.0,22,67.0,,0.0,50.0,蓄積中,96.0,S,0.1545028451632224,0.1318236953220132
2026-07-23,2026-07-23,6080,Ｍ＆Ａキャピタルパートナーズ,サービス業,3735.0,見送り,55.8,C,低迷,45.0,15,70.0,C,53.0,42.6,高,85.7,S,0.0716804908624135,0.0658865806482124
2026-07-23,2026-07-23,6178,日本郵政,サービス業,2460.5,見送り,55.6,C,低迷,45.0,27,67.0,,0.0,50.0,蓄積中,90.3,S,0.0673193158689315,0.0615254056547304
2026-07-23,2026-07-23,7128,ユニソルホールディングス,卸売業,2719.0,見送り,53.9,C,低迷,45.0,5,73.0,,0.0,50.0,蓄積中,96.2,S,0.2658018059945575,0.2605658830128766
2026-07-23,2026-07-23,9341,ＧＥＮＯＶＡ,サービス業,627.0,見送り,51.8,C,低迷,45.0,16,70.0,C,52.0,42.6,高,76.4,A,0.0335199391803164,0.0277260289661153
2026-07-23,2026-07-23,5337,ダントーホールディングス,ガラス・土石製品,909.0,見送り,51.2,C,低迷,25.0,4,75.0,C,59.0,42.6,高,73.5,A,0.0648804071912698,0.0922330097087378
2026-07-23,2026-07-23,8697,日本取引所グループ,その他金融業,2257.0,見送り,50.2,C,低迷,57.0,62,60.0,,0.0,50.0,蓄積中,87.2,S,0.0815464516573376,0.0464636570887665
2026-07-23,2026-07-23,7931,未来工業,化学,3505.0,見送り,49.7,C,低迷,34.0,3,75.0,見送り,62.0,37.3,高,93.2,S,0.1261768946279695,0.1354094593623828
2026-07-23,2026-07-23,6237,イワキポンプ,機械,5070.0,見送り,49.4,C,低迷,30.0,2,77.0,,0.0,50.0,蓄積中,99.8,S,0.4165313801544548,0.4469413629311587
2026-07-23,2026-07-23,5253,カバー,情報・通信業,1545.0,見送り,49.1,C,低迷,45.0,86,50.0,,0.0,50.0,蓄積中,89.4,S,0.2755005775895263,0.2562355710719224
2026-07-23,2026-07-23,6638,ミマキエンジニアリング,電気機器,2210.0,見送り,48.2,C,低迷,13.0,7,73.0,,0.0,50.0,蓄積中,98.1,S,0.1895028451632225,0.2446452476572959
2026-07-23,2026-07-23,4733,オービックビジネスコンサルタント,情報・通信業,7015.0,見送り,47.2,C,低迷,45.0,95,45.0,,0.0,50.0,蓄積中,90.6,S,0.1728783823025717,0.1536133757849678
2026-07-23,2026-07-23,5242,アイズ,情報・通信業,1990.0,見送り,47.1,C,低迷,45.0,1,92.0,見送り,50.0,36.8,高,100.0,S,1.4004505575815234,1.3811855510639195
2026-07-23,2026-07-23,8591,オリックス,その他金融業,6617.0,見送り,46.4,C,低迷,57.0,72,58.0,,0.0,50.0,蓄積中,74.6,A,0.0277795220334227,-0.0073032725351483
2026-07-23,2026-07-23,2914,日本たばこ産業,食料品,6369.0,見送り,46.1,C,減速,49.0,77,55.0,,0.0,50.0,蓄積中,72.7,A,0.0321452354526716,0.0336497900780266
2026-07-23,2026-07-23,4972,綜研化学,化学,3805.0,見送り,44.1,C,低迷,34.0,36,63.0,,0.0,50.0,蓄積中,88.4,S,0.1253336300765761,0.1345661948109894
2026-07-23,2026-07-23,8439,東京センチュリー,その他金融業,2685.0,見送り,43.3,C,低迷,57.0,76,55.0,,0.0,50.0,蓄積中,78.9,A,0.0422079647697506,0.0071251702011795
2026-07-23,2026-07-23,9090,ＡＺ－ＣＯＭ丸和ホールディングス,陸運業,916.0,見送り,42.8,C,低迷,54.0,98,40.0,,0.0,50.0,蓄積中,77.0,A,0.137591562892505,0.1270424134821718
2026-07-23,2026-07-23,4634,ａｒｔｉｅｎｃｅ,化学,4550.0,見送り,40.7,C,低迷,34.0,48,62.0,,0.0,50.0,蓄積中,77.1,A,0.027298837877248,0.0365314026116613
2026-07-23,2026-07-23,8037,カメイ,卸売業,3755.0,見送り,39.2,C,低迷,45.0,70,58.0,,0.0,50.0,蓄積中,84.9,A,0.0596782837597136,0.0544423607780327
2026-07-23,2026-07-23,6737,ＥＩＺＯ,電気機器,2749.0,見送り,38.5,C,低迷,13.0,38,63.0,,0.0,50.0,蓄積中,95.1,S,0.1216406791997906,0.1767830816938639
2026-07-23,2026-07-23,1518,三井松島ホールディングス,その他製品,1953.0,見送り,37.8,C,低迷,45.0,13,70.0,,0.0,50.0,蓄積中,98.6,S,0.2733436033155991,0.2748953720883464
2026-07-23,2026-07-23,6448,ブラザー工業,電気機器,3950.0,見送り,35.5,C,低迷,13.0,73,58.0,,0.0,50.0,蓄積中,85.0,S,0.0252684168738668,0.0804108193679401
2026-07-23,2026-07-23,4890,坪田ラボ,医薬品,273.0,見送り,30.8,C,低迷,21.0,92,45.0,,0.0,50.0,蓄積中,68.0,B,0.2256139562743335,0.2541388445705055
2026-07-23,2026-07-23,3877,中越パルプ工業,パルプ・紙,2177.0,見送り,28.4,C,減速,62.0,74,57.0,,0.0,50.0,蓄積中,72.6,A,0.0346674035116152,0.011988253670406
2026-07-23,2026-07-23,9888,ＵＥＸ,卸売業,1025.0,見送り,17.4,C,低迷,45.0,89,48.0,,0.0,50.0,蓄積中,65.8,B,-0.0122489065885291,-0.01748482957021
2026-07-24,2026-07-24,8541,愛媛銀行,銀行業,2794.0,最優先,91.6,S,主導,84.0,2,92.0,C,67.0,34.3,高,98.8,S,0.3574606014607062,0.2598632599566737
2026-07-24,2026-07-24,8388,阿波銀行,銀行業,8680.0,優先,83.9,A,主導,84.0,7,77.0,,0.0,50.0,蓄積中,95.2,S,0.2260730878579848,0.1284757463539523
2026-07-24,2026-07-24,8600,トモニホールディングス,銀行業,1024.0,優先,82.4,A,主導,84.0,8,73.0,C,60.0,45.4,高,75.8,A,0.1532872585504163,0.0556899170463838
2026-07-24,2026-07-24,3091,ブロンコビリー,小売業,2540.0,監視,68.0,B,改善,45.0,19,68.0,,0.0,50.0,蓄積中,86.7,S,0.0558965059134111,0.0562629010166484
2026-07-24,2026-07-24,9308,乾汽船,海運業,1736.0,監視,64.8,C,改善,59.0,17,68.0,,0.0,50.0,蓄積中,93.6,S,0.1770157223903008,0.1120433062530874
2026-07-24,2026-07-24,8725,ＭＳ＆ＡＤインシュアランスグループホールディングス,保険業,4898.0,監視,64.0,C,減速,65.0,27,67.0,,0.0,50.0,蓄積中,90.2,S,0.1200305775985333,0.0648866382735255
2026-07-24,2026-07-24,2805,ヱスビー食品,食料品,6300.0,監視,60.9,C,改善,49.0,32,65.0,,0.0,50.0,蓄積中,97.2,S,0.1703921497011091,0.1682446824774
2026-07-24,2026-07-24,8630,ＳＯＭＰＯホールディングス,保険業,7051.0,監視,59.5,C,減速,65.0,42,63.0,,0.0,50.0,蓄積中,89.4,S,0.1230570283201861,0.0679130889951784
2026-07-24,2026-07-24,8766,東京海上ホールディングス,保険業,8116.0,監視,59.5,C,減速,65.0,38,63.0,,0.0,50.0,蓄積中,86.5,S,0.1529195916134065,0.0977756522883988
2026-07-24,2026-07-24,2354,ＹＥ　ＤＩＧＩＴＡＬ,情報・通信業,1600.0,見送り,56.0,C,低迷,36.0,4,85.0,C,66.0,35.2,高,99.8,S,0.7321594052285167,0.70920501118818
2026-07-24,2026-07-24,6178,日本郵政,サービス業,2485.5,見送り,55.6,C,低迷,45.0,28,67.0,,0.0,50.0,蓄積中,94.5,S,0.1064121260329664,0.1019658647230021
2026-07-24,2026-07-24,8163,ＳＲＳホールディングス,小売業,1328.0,見送り,50.0,C,改善,45.0,62,55.0,,0.0,50.0,蓄積中,82.8,A,0.0566266635291656,0.056993058632403
2026-07-24,2026-07-24,1518,三井松島ホールディングス,その他製品,2241.0,見送り,48.0,C,低迷,39.0,3,88.0,見送り,60.0,30.1,高,99.6,S,0.458128669109912,0.4648869309402115
2026-07-24,2026-07-24,4733,オービックビジネスコンサルタント,情報・通信業,7638.0,見送り,46.7,C,低迷,36.0,69,50.0,,0.0,50.0,蓄積中,95.9,S,0.3027167859285722,0.2797623918882355
2026-07-24,2026-07-24,5242,アイズ,情報・通信業,2209.0,見送り,44.7,C,低迷,36.0,1,92.0,見送り,51.0,38.2,高,100.0,S,1.6136110554011591,1.5906566613608226
2026-07-24,2026-07-24,7581,サイゼリヤ,小売業,7430.0,見送り,44.5,C,改善,45.0,96,35.0,,0.0,50.0,蓄積中,98.9,S,0.3440279992911572,0.3443943943943945
2026-07-24,2026-07-24,6737,ＥＩＺＯ,電気機器,2775.0,見送り,43.0,C,低迷,13.0,26,67.0,,0.0,50.0,蓄積中,96.0,S,0.1291899394740179,0.1970951587250127
2026-07-24,2026-07-24,3276,ＪＰＭＣ,不動産業,1794.0,見送り,42.5,C,改善,45.0,98,35.0,,0.0,50.0,蓄積中,98.5,S,0.3396617063927543,0.3304560439164
2026-07-24,2026-07-24,6200,インソース,サービス業,724.0,見送り,41.4,C,低迷,45.0,80,40.0,,0.0,50.0,蓄積中,87.0,S,0.2316273787753533,0.227181117465389
2026-07-24,2026-07-24,9090,ＡＺ－ＣＯＭ丸和ホールディングス,陸運業,922.0,見送り,39.3,C,低迷,56.0,81,40.0,,0.0,50.0,蓄積中,79.7,A,0.1717574258456489,0.1514850848771424
2026-07-24,2026-07-24,2492,インフォマート,サービス業,521.0,見送り,35.5,C,低迷,45.0,90,35.0,,0.0,50.0,蓄積中,94.9,S,0.391599341124794,0.3871530798148297
2026-07-24,2026-07-24,7931,未来工業,化学,3470.0,見送り,34.3,C,低迷,30.0,85,40.0,,0.0,50.0,蓄積中,91.6,S,0.1152095113817601,0.1437744999840793
2026-07-24,2026-07-24,6306,日工,機械,960.0,見送り,34.0,C,低迷,30.0,67,55.0,,0.0,50.0,蓄積中,82.2,A,0.0288755540282146,0.0595963042313382
2026-07-24,2026-07-24,7803,ブシロード,その他製品,367.0,見送り,31.8,C,低迷,39.0,93,35.0,,0.0,50.0,蓄積中,99.0,S,0.374232341564465,0.3809906033947645
2026-07-24,2026-07-24,6237,イワキポンプ,機械,4990.0,見送り,29.4,C,低迷,30.0,95,35.0,,0.0,50.0,蓄積中,99.7,S,0.3619568219685831,0.3926775721717067
2026-07-24,2026-07-24,7921,ＴＡＫＡＲＡ　＆　ＣＯＭＰＡＮＹ,その他製品,4320.0,見送り,28.8,C,低迷,39.0,92,35.0,,0.0,50.0,蓄積中,96.8,S,0.3798667792475843,0.3866250410778837
2026-07-24,2026-07-24,4935,リベルタ,化学,312.0,見送り,28.4,C,低迷,30.0,89,35.0,,0.0,50.0,蓄積中,73.8,A,0.426045998598876,0.4546109872011952
2026-07-24,2026-07-08,7940,ウェーブロックホールディングス,化学,1057.0,見送り,22.3,C,低迷,30.0,86,40.0,,0.0,50.0,蓄積中,50.0,C,,
2026-07-24,2026-07-24,6522,アスタリスク,電気機器,1690.0,見送り,18.7,C,低迷,13.0,79,40.0,,0.0,50.0,蓄積中,98.9,S,0.6298523191862735,0.6977575384372683
2026-07-24,2026-07-24,3577,東海染工,繊維製品,926.0,見送り,11.2,C,低迷,34.0,72,50.0,,0.0,50.0,蓄積中,31.8,C,-0.0275595318408425,-0.0133086640296031
2026-07-27,2026-07-27,8541,愛媛銀行,銀行業,2917.0,最優先,95.8,S,加速,90.0,1,96.0,C,58.0,42.7,高,98.8,S,0.3798409172081337,0.2818158349580171
2026-07-27,2026-07-27,7184,富山第一銀行,銀行業,3195.0,最優先,87.1,A,加速,90.0,10,81.0,C,53.0,42.7,高,85.5,S,0.2705697317028416,0.1725446494527249
2026-07-27,2026-07-27,5830,いよぎんホールディングス,銀行業,3785.0,最優先,84.9,A,加速,90.0,39,70.0,C,63.0,36.9,高,80.6,A,0.1488707740679929,0.0508456918178763
2026-07-27,2026-07-27,7175,今村証券,証券、商品先物取引業,1787.0,優先,82.2,A,加速,64.0,3,92.0,C,60.0,42.7,高,95.5,S,0.2681508861805478,0.2317398209324375
2026-07-27,2026-07-27,3132,マクニカホールディングス,卸売業,3579.0,優先,81.0,A,改善,50.0,19,75.0,B,72.0,36.9,高,91.3,S,0.0830511659677623,0.0810013911278648
2026-07-27,2026-07-27,8630,ＳＯＭＰＯホールディングス,保険業,7261.0,優先,78.1,A,加速,80.0,47,67.0,,0.0,50.0,蓄積中,91.7,S,0.1442692503498425,0.0905038337976218
2026-07-27,2026-07-27,8725,ＭＳ＆ＡＤインシュアランスグループホールディングス,保険業,5029.0,優先,78.1,A,加速,80.0,46,67.0,,0.0,50.0,蓄積中,91.9,S,0.1447986116375162,0.0910331950852956
2026-07-27,2026-07-27,8766,東京海上ホールディングス,保険業,8243.0,優先,78.1,A,加速,80.0,45,67.0,,0.0,50.0,蓄積中,86.0,S,0.1531118762262836,0.0993464596740629
2026-07-27,2026-07-27,3091,ブロンコビリー,小売業,2642.0,優先,72.8,B,改善,54.0,14,77.0,C,54.0,42.7,高,93.8,S,0.1384576627373243,0.1415136215776633
2026-07-27,2026-07-27,9308,乾汽船,海運業,1860.0,優先,72.0,B,低迷,59.0,5,87.0,,0.0,50.0,蓄積中,96.0,S,0.2506600436897054,0.1904166666666666
2026-07-27,2026-07-27,1518,三井松島ホールディングス,その他製品,2381.0,監視,63.4,C,改善,46.0,2,92.0,見送り,64.0,36.0,高,99.7,S,0.5484459804943337,0.5544087987153501
2026-07-27,2026-07-27,7581,サイゼリヤ,小売業,7660.0,監視,63.2,C,改善,54.0,34,70.0,,0.0,50.0,蓄積中,99.1,S,0.3934503058619899,0.3965062647023289
2026-07-27,2026-07-27,9433,ＫＤＤＩ,情報・通信業,2953.0,監視,60.1,C,改善,45.0,75,63.0,,0.0,50.0,蓄積中,81.0,A,0.0604480581121845,0.0334667984839059
2026-07-27,2026-07-27,7832,バンダイナムコホールディングス,その他製品,4419.0,監視,59.2,C,改善,46.0,81,60.0,,0.0,50.0,蓄積中,92.6,S,0.1539636312144935,0.1599264494355099
2026-07-27,2026-07-27,9278,ブックオフグループホールディングス,小売業,2722.0,監視,59.2,C,改善,54.0,36,70.0,,0.0,50.0,蓄積中,98.0,S,0.3657117232762686,0.3687676821166077
2026-07-27,2026-07-27,3946,トーモク,パルプ・紙,4550.0,監視,58.7,C,改善,59.0,89,60.0,,0.0,50.0,蓄積中,93.2,S,0.1226762414731664,0.1033807743686384
2026-07-27,2026-07-27,2590,ダイドーグループホールディングス,食料品,3005.0,監視,58.2,C,改善,57.0,99,60.0,,0.0,50.0,蓄積中,88.9,S,0.1007107022510022,0.1053536888643271
2026-07-27,2026-07-27,7128,ユニソルホールディングス,卸売業,2756.0,監視,58.2,C,改善,50.0,56,65.0,,0.0,50.0,蓄積中,95.7,S,0.2498598875616803,0.2478101127217828
2026-07-27,2026-07-27,2354,ＹＥ　ＤＩＧＩＴＡＬ,情報・通信業,1350.0,見送り,57.7,C,改善,45.0,8,83.0,見送り,55.0,32.6,高,99.0,S,0.7054358091058329,0.6784545494775543
2026-07-27,2026-07-27,6178,日本郵政,サービス業,2521.5,見送り,57.1,C,減速,45.0,32,71.0,,0.0,50.0,蓄積中,95.1,S,0.1258142932655189,0.1192243431136648
2026-07-27,2026-07-27,4052,フィーチャ,情報・通信業,401.0,見送り,56.4,C,改善,45.0,6,85.0,見送り,54.0,41.5,高,98.6,S,0.7571996550499446,0.730218395421666
2026-07-27,2026-07-27,7476,アズワン,卸売業,2521.0,見送り,56.3,C,改善,50.0,100,60.0,,0.0,50.0,蓄積中,87.0,S,0.0989436370275603,0.0968938621876629
2026-07-27,2026-07-27,3708,特種東海製紙,パルプ・紙,2177.0,見送り,55.7,C,改善,59.0,86,60.0,,0.0,50.0,蓄積中,94.4,S,0.1319459632299352,0.1126504961254072
2026-07-27,2026-07-27,4901,富士フイルムホールディングス,化学,3831.0,見送り,51.9,C,底上げ,34.0,61,65.0,C,58.0,36.9,高,90.2,S,0.0739526319706521,0.093219986859674
2026-07-27,2026-07-27,8011,三陽商会,繊維製品,4845.0,見送り,50.2,C,底上げ,39.0,57,65.0,,0.0,50.0,蓄積中,94.7,S,0.1855756555040514,0.2012176621208352
2026-07-27,2026-07-27,2433,博報堂ＤＹホールディングス,サービス業,1304.5,見送り,48.0,C,減速,45.0,88,60.0,,0.0,50.0,蓄積中,92.7,S,0.1289485339737112,0.122358583821857
2026-07-27,2026-07-27,6237,イワキポンプ,機械,5140.0,見送り,45.7,C,低迷,30.0,35,70.0,,0.0,50.0,蓄積中,99.7,S,0.3927451203982129,0.412810927772263
2026-07-27,2026-07-27,6737,ＥＩＺＯ,電気機器,2831.0,見送り,44.9,C,低迷,13.0,24,72.0,,0.0,50.0,蓄積中,96.7,S,0.1677892779624067,0.2228321898815112
2026-07-27,2026-07-27,4928,ノエビアホールディングス,化学,4785.0,見送り,38.9,C,底上げ,34.0,63,65.0,見送り,47.0,45.2,高,75.5,A,0.0552133082945164,0.0744806631835383
2026-07-27,2026-07-27,6306,日工,機械,984.0,見送り,37.0,C,低迷,30.0,76,63.0,,0.0,50.0,蓄積中,82.7,A,0.0379407454440913,0.0580065528181413
2026-07-27,2026-07-27,2492,インフォマート,サービス業,550.0,見送り,36.6,C,減速,45.0,18,75.0,見送り,58.0,41.5,高,96.3,S,0.5039371972477579,0.4973472470959037
2026-07-27,2026-07-27,7752,リコー,電気機器,1632.5,見送り,36.3,C,低迷,13.0,91,60.0,,0.0,50.0,蓄積中,92.8,S,0.1135195439254431,0.1685624558445476
2026-07-27,2026-07-27,9081,神奈川中央交通,陸運業,3950.0,見送り,31.8,C,減速,55.0,69,63.0,,0.0,50.0,蓄積中,80.9,A,0.065435954053851,0.0422777927398902
2026-07-28,2026-07-28,8388,阿波銀行,銀行業,8770.0,優先,85.3,A,減速,73.0,3,91.0,B,66.0,42.3,高,95.6,S,0.1960537508333908,0.1274359231014656
2026-07-28,2026-07-28,8541,愛媛銀行,銀行業,2932.0,優先,74.3,B,減速,73.0,2,91.0,C,56.0,42.3,高,99.3,S,0.3647295373108639,0.2961117095789387
2026-07-28,2026-07-28,4434,サーバーワークス,情報・通信業,2176.0,監視,71.7,B,改善,45.0,11,75.0,C,59.0,44.3,高,83.1,A,0.0974874114970734,0.0759181710990886
2026-07-28,2026-07-28,4373,シンプレクス・ホールディングス,情報・通信業,1144.0,監視,69.8,B,改善,45.0,24,70.0,C,56.0,44.3,高,96.2,S,0.1591477250874966,0.1375784846895118
2026-07-28,2026-07-28,2492,インフォマート,サービス業,549.0,監視,67.9,C,改善,45.0,14,73.0,,0.0,50.0,蓄積中,96.9,S,0.3861418692461076,0.3793963430880254
2026-07-28,2026-07-28,8551,北日本銀行,銀行業,6850.0,監視,67.6,C,減速,73.0,8,76.0,C,53.0,42.3,高,97.4,S,0.2467986297905602,0.178180802058635
2026-07-28,2026-07-28,9433,ＫＤＤＩ,情報・通信業,2993.0,監視,67.6,C,改善,45.0,30,67.0,,0.0,50.0,蓄積中,85.5,S,0.0727760435362774,0.0512068031382926
2026-07-28,2026-07-28,2914,日本たばこ産業,食料品,6648.0,監視,66.9,C,改善,59.0,51,63.0,,0.0,50.0,蓄積中,85.6,S,0.0744127983129347,0.068167836283322
2026-07-28,2026-07-28,7581,サイゼリヤ,小売業,7830.0,監視,66.5,C,改善,51.0,13,73.0,,0.0,50.0,蓄積中,99.4,S,0.3922460472168074,0.3912768916014696
2026-07-28,2026-07-28,3563,ＦＯＯＤ　＆　ＬＩＦＥ　ＣＯＭＰＡＮＩＥＳ,小売業,5736.0,監視,64.7,C,改善,51.0,44,63.0,,0.0,50.0,蓄積中,93.2,S,0.1059115165280677,0.1049423609127299
2026-07-28,2026-07-28,5444,大和工業,鉄鋼,13385.0,監視,63.9,C,改善,52.0,27,68.0,C,54.0,44.3,高,79.1,A,0.0760221403592797,0.0441169207394263
2026-07-28,2026-07-28,2590,ダイドーグループホールディングス,食料品,3015.0,監視,62.9,C,改善,59.0,46,63.0,,0.0,50.0,蓄積中,88.9,S,0.0886878559640276,0.0824428939344148
2026-07-28,2026-07-28,4324,電通グループ,サービス業,3622.0,監視,62.9,C,改善,45.0,34,65.0,C,60.0,36.1,高,94.4,S,0.1460231269580028,0.1392776007999205
2026-07-28,2026-07-28,9278,ブックオフグループホールディングス,小売業,2733.0,監視,62.5,C,改善,51.0,15,73.0,,0.0,50.0,蓄積中,98.1,S,0.35219392094357,0.3512247653282322
2026-07-28,2026-07-28,5108,ブリヂストン,ゴム製品,3878.0,監視,62.2,C,改善,57.0,66,60.0,,0.0,50.0,蓄積中,87.9,S,0.1037868735817852,0.070270121857824
2026-07-28,2026-07-28,8725,ＭＳ＆ＡＤインシュアランスグループホールディングス,保険業,5039.0,監視,61.2,C,減速,49.0,19,71.0,,0.0,50.0,蓄積中,94.0,S,0.1540572654031182,0.1148001593665424
2026-07-28,2026-07-28,2433,博報堂ＤＹホールディングス,サービス業,1315.0,監視,61.1,C,改善,45.0,41,63.0,,0.0,50.0,蓄積中,93.8,S,0.1241964844673209,0.1174509583092386
2026-07-28,2026-07-28,8630,ＳＯＭＰＯホールディングス,保険業,7264.0,監視,59.7,C,減速,49.0,28,67.0,,0.0,50.0,蓄積中,93.3,S,0.140166701765958,0.1009095957293821
2026-07-28,2026-07-28,2503,キリンホールディングス,食料品,2998.0,監視,59.0,C,改善,59.0,90,58.0,,0.0,50.0,蓄積中,77.9,A,0.0294355617726995,0.0231905997430867
2026-07-28,2026-07-28,7272,ヤマハ発動機,輸送用機器,1340.0,監視,58.4,C,改善,50.0,95,55.0,,0.0,50.0,蓄積中,85.5,S,0.0659646574679255,0.0386861978417956
2026-07-28,2026-07-28,9308,乾汽船,海運業,1872.0,監視,58.2,C,減速,48.0,7,77.0,C,53.0,42.3,高,97.1,S,0.2490091152965632,0.1992442710872746
2026-07-28,2026-07-28,3054,ハイパー,卸売業,276.0,見送り,55.9,C,減速,46.0,10,75.0,見送り,62.0,40.9,高,82.1,A,0.1659986104430548,0.1613451187595673
2026-07-28,2026-07-28,9007,小田急電鉄,陸運業,1807.0,見送り,55.8,C,改善,59.0,98,55.0,,0.0,50.0,蓄積中,72.5,A,0.0382143781415507,0.0125733408321982
2026-07-28,2026-07-28,9081,神奈川中央交通,陸運業,3990.0,見送り,55.3,C,改善,59.0,18,72.0,,0.0,50.0,蓄積中,86.6,S,0.0857185553026644,0.060077517993312
2026-07-28,2026-07-28,9010,富士急行,陸運業,2741.0,見送り,55.0,C,改善,59.0,86,58.0,,0.0,50.0,蓄積中,78.6,A,0.0418965406378601,0.0162555033285077
2026-07-28,2026-07-28,8084,ＲＹＯＤＥＮ,卸売業,4080.0,見送り,53.1,C,減速,46.0,37,65.0,C,52.0,44.3,高,66.6,B,0.0014964459408903,-0.0031570457425971
2026-07-28,2026-07-28,7476,アズワン,卸売業,2530.0,見送り,50.4,C,減速,46.0,48,63.0,,0.0,50.0,蓄積中,87.9,S,0.0805992476922341,0.0759457560087466
2026-07-28,2026-07-28,7832,バンダイナムコホールディングス,その他製品,4522.0,見送り,50.3,C,低迷,42.0,40,63.0,,0.0,50.0,蓄積中,94.6,S,0.1506404683243494,0.1573231588811796
2026-07-28,2026-07-28,7839,ＳＨＯＥＩ,その他製品,1980.0,見送り,50.2,C,低迷,42.0,25,68.0,C,51.0,44.3,高,89.1,S,0.1006857145540038,0.1073684051108341
2026-07-28,2026-07-28,3708,特種東海製紙,パルプ・紙,2137.0,見送り,47.3,C,低迷,57.0,43,63.0,,0.0,50.0,蓄積中,93.0,S,0.1060845468115192,0.079380755679588
2026-07-28,2026-07-28,6460,セガサミーホールディングス,機械,2750.0,見送り,47.3,C,低迷,21.0,23,70.0,C,54.0,44.3,高,94.8,S,0.2046538327717466,0.2309442524113487
2026-07-28,2026-07-28,7951,ヤマハ,その他製品,1248.0,見送り,43.4,C,低迷,42.0,81,58.0,,0.0,50.0,蓄積中,80.4,A,0.0554679595127514,0.0621506500695816
2026-07-28,2026-07-28,4928,ノエビアホールディングス,化学,4830.0,見送り,43.0,C,低迷,30.0,53,63.0,,0.0,50.0,蓄積中,81.2,A,0.0602576771936662,0.0824947259703822
2026-07-28,2026-07-28,3950,ザ・パック,パルプ・紙,1457.0,見送り,39.4,C,低迷,57.0,88,58.0,,0.0,50.0,蓄積中,69.5,B,0.0339213514511351,0.0072175603192039
2026-07-28,2026-07-28,6869,シスメックス,電気機器,1635.5,見送り,34.2,C,低迷,5.0,69,60.0,,0.0,50.0,蓄積中,90.6,S,0.0714288680428383,0.1418196108208198
2026-07-28,2026-07-28,6750,エレコム,電気機器,1907.0,見送り,25.3,C,低迷,5.0,55,63.0,見送り,45.0,44.3,高,85.9,S,0.0395407545734343,0.1099314973514158
2026-07-29,2026-07-29,9684,スクウェア・エニックス・ホールディングス,情報・通信業,2923.5,優先,81.8,A,改善,46.0,12,80.0,B,72.0,39.4,高,93.1,S,0.1807529032233346,0.1626515706726305
2026-07-29,2026-07-29,8163,ＳＲＳホールディングス,小売業,1440.0,優先,81.1,A,改善,59.0,6,82.0,C,62.0,47.7,高,92.5,S,0.1365135326354163,0.1258524840788374
2026-07-29,2026-07-29,3397,トリドールホールディングス,小売業,4584.0,優先,77.4,B,改善,59.0,24,75.0,C,62.0,46.3,高,88.3,S,0.1598800231020369,0.149218974545458
2026-07-29,2026-07-29,9048,名古屋鉄道,陸運業,1994.5,優先,75.0,B,加速,69.0,45,72.0,C,53.0,46.3,高,68.6,B,0.0484192914661278,0.0016230613574663
2026-07-29,2026-07-29,9006,京浜急行電鉄,陸運業,1651.5,優先,74.2,B,加速,69.0,58,70.0,C,53.0,46.3,高,72.1,A,0.0892443332439758,0.0424481031353143
2026-07-29,2026-07-29,7309,シマノ,輸送用機器,21065.0,優先,72.5,B,減速,45.0,11,80.0,B,71.0,39.4,高,95.3,S,0.1821533929192662,0.1527658948710244
2026-07-29,2026-07-29,8697,日本取引所グループ,その他金融業,2290.0,優先,72.5,B,改善,59.0,59,70.0,C,63.0,39.4,高,86.8,S,0.0874867647822426,0.0558342102706074
2026-07-29,2026-07-29,7421,カッパ・クリエイト,小売業,1651.0,優先,72.4,B,改善,59.0,27,75.0,C,59.0,46.3,高,78.1,A,0.0839771575838284,0.0733161090272495
2026-07-29,2026-07-29,9605,東映,情報・通信業,6400.0,優先,72.1,B,改善,46.0,16,78.0,C,63.0,47.7,高,78.7,A,0.076867805745322,0.058766473194618
2026-07-29,2026-07-29,4776,サイボウズ,情報・通信業,2831.0,監視,71.9,B,改善,46.0,22,75.0,C,60.0,46.3,高,97.6,S,0.2208917484877357,0.2027904159370317
2026-07-29,2026-07-29,2503,キリンホールディングス,食料品,3133.0,監視,71.3,B,加速,66.0,82,67.0,,0.0,50.0,蓄積中,87.3,S,0.0824306292374446,0.0573531219453382
2026-07-29,2026-07-29,2914,日本たばこ産業,食料品,6781.0,監視,71.3,B,加速,66.0,81,67.0,,0.0,50.0,蓄積中,83.7,A,0.0955932087809607,0.0705157014888544
2026-07-29,2026-07-29,5108,ブリヂストン,ゴム製品,4120.0,監視,70.6,B,低迷,59.0,15,78.0,B,71.0,40.0,高,94.7,S,0.1758935074992622,0.1514395559317272
2026-07-29,2026-07-29,2593,伊藤園,食料品,3236.0,監視,70.4,B,加速,66.0,63,70.0,C,50.0,46.3,高,76.4,A,0.0678013507156873,0.042723843423581
2026-07-29,2026-07-29,9042,阪急阪神ホールディングス,陸運業,5111.0,監視,70.3,B,加速,69.0,98,65.0,C,58.0,39.4,高,85.8,S,0.1640774948903898,0.1172812647817282
2026-07-29,2026-07-29,7832,バンダイナムコホールディングス,その他製品,4747.0,監視,69.7,B,低迷,39.0,5,82.0,B,74.0,40.0,高,97.1,S,0.2221749642270805,0.2270953401488602
2026-07-29,2026-07-29,9308,乾汽船,海運業,1875.0,監視,69.3,B,改善,50.0,8,81.0,C,50.0,43.1,高,96.1,S,0.2743025728634809,0.2241237958598072
2026-07-29,2026-07-29,4324,電通グループ,サービス業,3874.0,監視,66.8,C,低迷,45.0,13,78.0,B,71.0,40.0,高,96.8,S,0.2185703198907829,0.2113913873573321
2026-07-29,2026-07-29,4928,ノエビアホールディングス,化学,4955.0,監視,65.9,C,低迷,25.0,7,82.0,B,65.0,47.7,高,85.8,S,0.0963839583372772,0.1243224895314446
2026-07-29,2026-07-29,5845,全保連,その他金融業,1140.0,監視,65.4,C,改善,59.0,26,75.0,見送り,59.0,43.9,高,86.7,S,0.1065435026653864,0.0748909481537513
2026-07-29,2026-07-29,7272,ヤマハ発動機,輸送用機器,1409.0,監視,60.9,C,減速,45.0,34,73.0,C,64.0,40.0,高,91.3,S,0.115076500612065,0.0856890025638232
2026-07-29,2026-07-29,6460,セガサミーホールディングス,機械,2921.5,監視,60.2,C,低迷,21.0,3,83.0,B,74.0,40.0,高,97.4,S,0.2911251724112691,0.3204532168979177
2026-07-29,2026-07-29,2767,円谷フィールズホールディングス,卸売業,2330.0,監視,59.9,C,低迷,46.0,1,88.0,C,67.0,40.5,高,99.7,S,0.646356715389262,0.6443395876365166
2026-07-29,2026-07-29,8630,ＳＯＭＰＯホールディングス,保険業,7361.0,見送り,57.4,C,減速,46.0,46,71.0,,0.0,50.0,蓄積中,93.0,S,0.1477080130508008,0.1081932667734385
2026-07-29,2026-07-29,2433,博報堂ＤＹホールディングス,サービス業,1392.5,見送り,56.4,C,低迷,45.0,19,77.0,C,58.0,47.7,高,96.5,S,0.1822484344540513,0.1750695019206005
2026-07-29,2026-07-29,7459,メディパルホールディングス,卸売業,3064.0,見送り,55.0,C,低迷,46.0,54,70.0,C,53.0,46.3,高,83.9,A,0.1362559717371232,0.1342388439843778
2026-07-29,2026-07-29,7552,ハピネット,卸売業,3380.0,見送り,55.0,C,低迷,46.0,57,70.0,C,53.0,46.3,高,90.3,S,0.0906059518441146,0.0885888240913692
2026-07-29,2026-07-29,7893,プロネクサス,その他製品,1210.0,見送り,55.0,C,低迷,39.0,28,75.0,C,56.0,46.3,高,82.4,A,0.0737152705684156,0.0786356464901953
2026-07-29,2026-07-29,5444,大和工業,鉄鋼,13745.0,見送り,54.4,C,低迷,52.0,39,72.0,,0.0,50.0,蓄積中,82.6,A,0.100356447034573,0.0688753636975837
2026-07-29,2026-07-29,4661,オリエンタルランド,サービス業,3030.0,見送り,52.8,C,低迷,45.0,52,70.0,C,61.0,39.4,高,97.3,S,0.1845498336837656,0.1773709011503148
2026-07-29,2026-07-29,8596,九州リースサービス,その他金融業,1560.0,見送り,51.5,C,改善,59.0,66,70.0,見送り,46.0,46.3,高,67.8,B,0.0354441707857671,0.0037916162741319
2026-07-29,2026-07-29,4612,日本ペイントホールディングス,化学,1237.0,見送り,51.4,C,低迷,25.0,53,70.0,C,63.0,39.4,高,94.3,S,0.1424212052097555,0.170359736403923
2026-07-29,2026-07-29,8410,セブン銀行,銀行業,333.5,見送り,50.9,C,低迷,39.0,36,72.0,,0.0,50.0,蓄積中,90.5,S,0.1528280895809193,0.1130443941755026
2026-07-29,2026-07-29,7951,ヤマハ,その他製品,1288.5,見送り,49.9,C,低迷,39.0,41,72.0,C,52.0,47.7,高,86.1,S,0.0954722981587332,0.100392674080513
2026-07-29,2026-07-29,1375,ユキグニファクトリー,水産・農林業,1204.0,見送り,48.6,C,改善,48.0,65,70.0,見送り,46.0,46.3,高,72.1,A,0.0360053451707071,0.0144169183429255
2026-07-29,2026-07-29,6412,平和,機械,2175.0,見送り,47.3,C,低迷,21.0,64,70.0,C,52.0,46.3,高,86.2,S,0.0568160643550736,0.0861441088417223
2026-07-29,2026-07-29,3946,トーモク,パルプ・紙,4640.0,見送り,37.9,C,減速,49.0,97,65.0,見送り,44.0,46.3,高,96.0,S,0.1666487720729814,0.1511622609189874
2026-07-30,2026-07-30,2501,サッポロホールディングス,食料品,2080.0,優先,79.0,A,減速,55.0,6,82.0,B,75.0,39.2,高,85.1,S,0.0798611111111111,0.0618803418803419
2026-07-30,2026-07-30,8609,岡三証券グループ,証券、商品先物取引業,1109.0,優先,76.1,B,改善,54.0,19,75.0,C,62.0,46.2,高,88.9,S,0.1026968302658486,0.0750057713247898
2026-07-30,2026-07-30,5108,ブリヂストン,ゴム製品,4050.0,優先,74.1,B,加速,62.0,36,72.0,C,55.0,32.2,高,94.4,S,0.1592261904761904,0.1415240272376262
2026-07-30,2026-07-30,8163,ＳＲＳホールディングス,小売業,1465.0,優先,72.7,B,減速,52.0,2,86.0,,0.0,50.0,蓄積中,94.1,S,0.1646683673469386,0.1466170090574735
2026-07-30,2026-07-30,9449,ＧＭＯインターネットグループ,情報・通信業,4212.0,監視,71.6,B,低迷,46.0,4,82.0,B,74.0,39.1,高,97.9,S,0.2186016320474777,0.2030098767283288
2026-07-30,2026-07-30,8218,コメリ,小売業,4035.0,監視,68.7,B,減速,52.0,11,78.0,,0.0,50.0,蓄積中,90.7,S,0.1183226495726494,0.1002712912831843
2026-07-30,2026-07-30,7309,シマノ,輸送用機器,20970.0,監視,66.9,C,改善,52.0,54,68.0,,0.0,50.0,蓄積中,95.5,S,0.1907779720279721,0.1680650715220699
2026-07-30,2026-07-30,5845,全保連,その他金融業,1177.0,監視,66.7,C,減速,52.0,10,78.0,,0.0,50.0,蓄積中,92.0,S,0.1329438674579623,0.1086433456119351
2026-07-30,2026-07-30,4746,東計電算,情報・通信業,4985.0,監視,65.6,C,低迷,46.0,5,82.0,C,62.0,46.1,高,86.2,S,0.0927635287485908,0.0771717734294419
2026-07-30,2026-07-30,7272,ヤマハ発動機,輸送用機器,1389.0,監視,63.5,C,改善,52.0,63,67.0,,0.0,50.0,蓄積中,91.6,S,0.1105502466091246,0.0878373461032224
2026-07-30,2026-07-30,3191,ジョイフル本田,小売業,2511.0,監視,63.3,C,減速,52.0,15,77.0,C,58.0,46.1,高,89.9,S,0.0993218144979739,0.0812704562085088
2026-07-30,2026-07-30,9433,ＫＤＤＩ,情報・通信業,3051.0,監視,62.3,C,低迷,46.0,17,76.0,B,69.0,39.1,高,90.8,S,0.1179025423728814,0.1023107870537325
2026-07-30,2026-07-30,4661,オリエンタルランド,サービス業,2920.0,監視,60.9,C,低迷,45.0,22,73.0,B,65.0,39.1,高,96.5,S,0.1793635986733002,0.1765351816707352
2026-07-30,2026-07-30,7283,愛三工業,輸送用機器,2416.0,監視,60.7,C,改善,52.0,69,65.0,,0.0,50.0,蓄積中,97.2,S,0.1914220647773279,0.1687091642714258
2026-07-30,2026-07-30,5195,バンドー化学,ゴム製品,2420.0,監視,59.8,C,加速,62.0,99,58.0,,0.0,50.0,蓄積中,83.1,A,0.0642683340878225,0.0465661708492582
2026-07-30,2026-07-30,3405,クラレ,化学,1881.5,監視,59.5,C,低迷,25.0,26,73.0,B,66.0,39.2,高,88.3,S,0.1056080060422961,0.1311429056308741
2026-07-30,2026-07-30,6465,ホシザキ,機械,5820.0,監視,58.2,C,低迷,13.0,27,73.0,B,67.0,39.2,高,83.6,A,0.0610923423423424,0.0936253335446884
2026-07-30,2026-07-30,7433,伯東,卸売業,4970.0,見送り,57.9,C,低迷,45.0,28,73.0,C,58.0,46.2,高,79.8,A,0.0410261596548005,0.0362226609147346
2026-07-30,2026-07-30,4848,フルキャストホールディングス,サービス業,1761.0,見送り,56.9,C,低迷,45.0,23,73.0,C,54.0,46.1,高,86.4,S,0.1506291946308724,0.1478007776283074
2026-07-30,2026-07-30,3950,ザ・パック,パルプ・紙,1477.0,見送り,55.6,C,減速,48.0,47,70.0,C,52.0,46.2,高,78.1,A,0.0571803610906411,0.0404260896293419
2026-07-30,2026-07-30,8136,サンリオ,卸売業,1353.5,見送り,54.5,C,低迷,45.0,31,72.0,,0.0,50.0,蓄積中,98.3,S,0.2070848581884721,0.2022813594484063
2026-07-30,2026-07-30,7740,タムロン,精密機器,1434.0,見送り,54.1,C,底上げ,17.0,18,75.0,C,52.0,46.2,高,98.0,S,0.2266447368421051,0.2738649203283437
2026-07-30,2026-07-30,4928,ノエビアホールディングス,化学,5040.0,見送り,54.0,C,低迷,25.0,14,77.0,,0.0,50.0,蓄積中,89.3,S,0.1194349315068492,0.1449698310954272
2026-07-30,2026-07-30,7128,ユニソルホールディングス,卸売業,2820.0,見送り,53.9,C,低迷,45.0,21,73.0,,0.0,50.0,蓄積中,97.6,S,0.292693661971831,0.2878901632317652
2026-07-30,2026-07-30,9616,共立メンテナンス,サービス業,3428.0,見送り,53.5,C,低迷,45.0,37,72.0,C,62.0,39.1,高,94.9,S,0.1163897723468363,0.1135613553442713
2026-07-30,2026-07-30,8622,水戸証券,証券、商品先物取引業,797.0,見送り,53.2,C,改善,54.0,43,70.0,見送り,47.0,46.2,高,93.3,S,0.1708616138763197,0.1431705549352608
2026-07-30,2026-07-30,6349,小森コーポレーション,機械,1932.0,見送り,52.9,C,低迷,13.0,7,80.0,C,65.0,43.5,高,97.5,S,0.2516185258964143,0.2841515170987603
2026-07-30,2026-07-30,2579,コカ・コーラ　ボトラーズジャパンホールディングス,食料品,4491.0,見送り,52.8,C,減速,55.0,86,63.0,C,55.0,39.2,高,83.5,A,0.0477985343584814,0.0298177651277122
2026-07-30,2026-07-30,9010,富士急行,陸運業,2781.0,見送り,52.7,C,減速,60.0,67,67.0,,0.0,50.0,蓄積中,82.1,A,0.0753954436927974,0.0260902603037799
2026-07-30,2026-07-30,7832,バンダイナムコホールディングス,その他製品,4739.0,見送り,52.4,C,低迷,37.0,32,72.0,,0.0,50.0,蓄積中,97.0,S,0.2031860510549621,0.2134483967339744
2026-07-30,2026-07-30,6457,グローリー,機械,4586.0,見送り,50.2,C,低迷,13.0,25,73.0,C,56.0,46.2,高,89.9,S,0.125078794755421,0.1576117859577671
2026-07-30,2026-07-30,8613,丸三証券,証券、商品先物取引業,1177.0,見送り,49.3,C,改善,54.0,73,65.0,見送り,46.0,46.2,高,75.2,A,0.0595748378127896,0.0318837788717307
2026-07-30,2026-07-30,2593,伊藤園,食料品,3143.0,見送り,48.8,C,減速,55.0,85,63.0,,0.0,50.0,蓄積中,76.5,A,0.0727190902704602,0.054738321039691
2026-07-30,2026-07-30,3946,トーモク,パルプ・紙,4630.0,見送り,47.9,C,減速,48.0,77,63.0,,0.0,50.0,蓄積中,95.4,S,0.1559294871794871,0.1391752157181879
2026-07-30,2026-07-30,3480,ジェイ・エス・ビー,不動産業,9230.0,見送り,47.0,C,改善,45.0,97,60.0,見送り,46.0,46.2,高,69.1,B,-0.0034103563474388,-0.01637981375906
2026-07-30,2026-07-30,7951,ヤマハ,その他製品,1268.5,見送り,45.5,C,低迷,37.0,66,67.0,,0.0,50.0,蓄積中,85.7,S,0.0844052330694811,0.0946675787484934
2026-07-30,2026-07-30,7867,タカラトミー,その他製品,3728.0,見送り,43.9,C,低迷,37.0,78,63.0,,0.0,50.0,蓄積中,97.1,S,0.1518664709615995,0.1621288166406118
2026-07-30,2026-07-30,9308,乾汽船,海運業,1881.0,見送り,40.8,C,低迷,44.0,16,76.0,見送り,47.0,43.1,高,96.3,S,0.2466032608695652,0.2064756734320205
2026-07-30,2026-07-30,8011,三陽商会,繊維製品,4910.0,見送り,37.0,C,低迷,34.0,95,60.0,,0.0,50.0,蓄積中,90.6,S,0.0897545662100456,0.0922275877927794
2026-07-30,2026-07-30,6869,シスメックス,電気機器,1670.0,見送り,36.8,C,低迷,5.0,65,67.0,,0.0,50.0,蓄積中,94.1,S,0.1055777739959156,0.2057588429269845
2026-07-30,2026-07-30,4221,大倉工業,化学,5060.0,見送り,35.4,C,低迷,25.0,48,70.0,見送り,55.0,43.5,高,62.8,B,0.0262212643678161,0.0517561639563941
2026-07-30,2026-07-30,7752,リコー,電気機器,1641.5,見送り,35.3,C,低迷,5.0,79,63.0,,0.0,50.0,蓄積中,95.8,S,0.1437678954903365,0.2439489644214054
2026-07-30,2026-07-30,6750,エレコム,電気機器,1912.0,見送り,32.9,C,低迷,5.0,91,62.0,,0.0,50.0,蓄積中,86.1,S,0.0375034935718279,0.1376845625028968
2026-07-30,2026-07-30,8596,九州リースサービス,その他金融業,1570.0,見送り,32.0,C,減速,52.0,87,63.0,,0.0,50.0,蓄積中,74.0,A,0.0455675582990398,0.0212670364530125
2026-07-31,2026-07-31,4661,オリエンタルランド,サービス業,3167.0,優先,73.6,B,低迷,39.0,2,87.0,B,79.0,33.8,高,98.7,S,0.2443284371428085,0.2421894381583835
2026-07-31,2026-07-31,3946,トーモク,パルプ・紙,4515.0,優先,73.5,B,改善,49.0,11,77.0,C,60.0,45.4,高,93.4,S,0.1159060366607536,0.0922920977560752
2026-07-31,2026-07-31,8609,岡三証券グループ,証券、商品先物取引業,1115.0,優先,73.1,B,改善,57.0,21,73.0,,0.0,50.0,蓄積中,90.8,S,0.1108886230590084,0.0752760874464728
2026-07-31,2026-07-31,4221,大倉工業,化学,5550.0,優先,72.7,B,底上げ,30.0,7,78.0,B,66.0,45.4,高,88.5,S,0.1472494090790621,0.161854977959115
2026-07-31,2026-07-31,8616,東海東京フィナンシャル・ホールディングス,証券、商品先物取引業,802.0,監視,69.0,B,改善,57.0,37,70.0,C,55.0,38.3,高,74.0,A,0.0381044734606739,0.0024919378481382
2026-07-31,2026-07-31,6080,Ｍ＆Ａキャピタルパートナーズ,サービス業,3885.0,監視,68.2,B,低迷,39.0,8,78.0,B,66.0,45.4,高,88.3,S,0.085320137951717,0.083181138967292
2026-07-31,2026-07-31,8622,水戸証券,証券、商品先物取引業,815.0,監視,68.1,B,改善,57.0,20,73.0,C,52.0,45.4,高,95.7,S,0.2056208898314162,0.1700083542188806
2026-07-31,2026-07-31,7282,豊田合成,輸送用機器,5562.0,監視,65.8,C,減速,45.0,34,70.0,B,65.0,30.2,高,84.5,A,0.0560871599757264,0.032646231979484
2026-07-31,2026-07-31,6379,レイズネクスト,建設業,2911.0,監視,65.2,C,低迷,25.0,5,80.0,B,65.0,38.3,高,97.2,S,0.2402301402301403,0.2601731601731603
2026-07-31,2026-07-31,9308,乾汽船,海運業,1890.0,監視,65.1,C,底上げ,42.0,4,81.0,C,56.0,42.5,高,96.9,S,0.2772429786842965,0.2263228248617679
2026-07-31,2026-07-31,4189,ＫＨネオケム,化学,3305.0,監視,64.6,C,底上げ,30.0,17,75.0,C,62.0,38.3,高,92.9,S,0.1107446297319714,0.1253501986120243
2026-07-31,2026-07-31,4212,積水樹脂,化学,2951.0,監視,62.6,C,底上げ,30.0,15,75.0,C,59.0,38.3,高,96.4,S,0.1309930174984777,0.1455985863785306
2026-07-31,2026-07-31,6364,ＡＩＲＭＡＮ,機械,2546.0,監視,61.5,C,底上げ,30.0,1,88.0,,0.0,50.0,蓄積中,96.8,S,0.3437420362969372,0.3583971596477127
2026-07-31,2026-07-31,9616,共立メンテナンス,サービス業,3472.0,監視,60.4,C,低迷,39.0,12,76.0,B,69.0,33.8,高,96.0,S,0.1121078440934977,0.1099688451090727
2026-07-31,2026-07-31,8065,佐藤商事,卸売業,3250.0,監視,58.8,C,低迷,42.0,16,75.0,C,59.0,38.3,高,80.8,A,0.1232156153014401,0.114561673671627
2026-07-31,2026-07-31,6517,デンヨー,電気機器,4015.0,監視,58.0,C,底上げ,13.0,18,75.0,C,59.0,38.3,高,84.8,A,0.0830789580789581,0.1384202081104737
2026-07-31,2026-07-31,6473,ジェイテクト,機械,2216.0,見送り,57.8,C,底上げ,30.0,52,65.0,C,63.0,30.2,高,85.4,S,0.0485237110116569,0.0631788343624324
2026-07-31,2026-07-31,7128,ユニソルホールディングス,卸売業,2865.0,見送り,57.6,C,低迷,42.0,9,77.0,,0.0,50.0,蓄積中,98.1,S,0.3058320841754438,0.2971781425456308
2026-07-31,2026-07-31,7976,三菱鉛筆,その他製品,2771.0,見送り,57.2,C,底上げ,39.0,56,65.0,C,54.0,38.3,高,72.5,A,0.0210036367061159,0.0208797670170288
2026-07-31,2026-07-31,6454,マックス,機械,1843.0,見送り,56.7,C,底上げ,30.0,35,70.0,C,55.0,38.3,高,74.0,A,0.0521919422442982,0.0668470655950737
2026-07-31,2026-07-31,7433,伯東,卸売業,4940.0,見送り,56.7,C,低迷,42.0,26,72.0,,0.0,50.0,蓄積中,82.1,A,0.0424225714548294,0.0337686298250163
2026-07-31,2026-07-31,2805,ヱスビー食品,食料品,6600.0,見送り,56.6,C,低迷,41.0,13,75.0,C,56.0,38.3,高,98.7,S,0.232428896565519,0.2377959447770901
2026-07-31,2026-07-31,7740,タムロン,精密機器,1438.0,見送り,56.1,C,低迷,17.0,3,83.0,,0.0,50.0,蓄積中,98.8,S,0.2392513758538277,0.2796387998160663
2026-07-31,2026-07-31,2914,日本たばこ産業,食料品,7135.0,見送り,55.7,C,低迷,41.0,31,70.0,C,63.0,30.2,高,94.3,S,0.1518421664586879,0.157209214670259
2026-07-31,2026-07-31,5444,大和工業,鉄鋼,13500.0,見送り,54.7,C,低迷,52.0,51,65.0,C,52.0,38.3,高,81.0,A,0.0722899897657178,0.0404958043707829
2026-07-31,2026-07-31,4816,東映アニメーション,情報・通信業,2938.0,見送り,54.2,C,低迷,40.0,25,72.0,,0.0,50.0,蓄積中,87.1,S,0.1349311938934581,0.1246500519063075
2026-07-31,2026-07-31,3097,物語コーポレーション,小売業,5480.0,見送り,54.0,C,低迷,43.0,24,72.0,C,55.0,45.4,高,96.1,S,0.1560226452930315,0.1498135727429721
2026-07-31,2026-07-31,7322,三十三フィナンシャルグループ,銀行業,1910.0,見送り,53.6,C,底上げ,33.0,55,65.0,C,52.0,38.3,高,73.7,A,0.0411680911680911,0.0329310719721678
2026-07-31,2026-07-31,6737,ＥＩＺＯ,電気機器,2896.0,見送り,53.1,C,底上げ,13.0,32,70.0,C,53.0,38.3,高,97.4,S,0.1459184937445807,0.2012597437760963
2026-07-31,2026-07-31,9279,ギフトホールディングス,小売業,5130.0,見送り,53.0,C,低迷,43.0,23,72.0,,0.0,50.0,蓄積中,93.5,S,0.184282332169656,0.1780732596195966
2026-07-31,2026-07-31,5195,バンドー化学,ゴム製品,2423.0,見送り,51.9,C,減速,57.0,44,67.0,,0.0,50.0,蓄積中,87.9,S,0.0864496741209071,0.0707226249881002
2026-07-31,2026-07-31,8935,ＦＪネクストホールディングス,不動産業,1910.0,見送り,51.8,C,低迷,34.0,33,70.0,C,52.0,38.3,高,88.8,S,0.0603737221384279,0.0552487867610851
2026-07-31,2026-07-31,9110,ＮＳユナイテッド海運,海運業,8040.0,見送り,48.4,C,底上げ,42.0,96,45.0,,0.0,50.0,蓄積中,74.6,A,0.2343471516638442,0.1834269978413156
2026-07-31,2026-07-31,4417,グローバルセキュリティエキスパート,情報・通信業,4580.0,見送り,47.3,C,低迷,40.0,43,67.0,,0.0,50.0,蓄積中,96.5,S,0.1165334068559875,0.1062522648688369
2026-07-31,2026-07-31,3179,シュッピン,小売業,1355.0,見送り,45.5,C,低迷,43.0,38,68.0,,0.0,50.0,蓄積中,96.5,S,0.2693053149761046,0.2630962424260452
2026-07-31,2026-07-31,3696,セレス,情報・通信業,2113.0,見送り,39.6,C,低迷,40.0,68,60.0,,0.0,50.0,蓄積中,44.7,C,-0.0533373474819037,-0.0636184894690543
2026-07-31,2026-07-31,8011,三陽商会,繊維製品,4900.0,見送り,38.7,C,低迷,25.0,57,63.0,,0.0,50.0,蓄積中,93.1,S,0.0861517881833908,0.0879542185572497
2026-07-31,2026-07-31,2892,日本食品化工,食料品,4445.0,見送り,34.8,C,低迷,41.0,54,65.0,,0.0,50.0,蓄積中,81.2,A,0.0421836228287841,0.0475506710403552
2026-07-31,2026-07-31,1976,明星工業,建設業,2038.0,見送り,31.5,C,低迷,25.0,50,65.0,見送り,48.0,38.3,高,88.5,S,0.097994445772833,0.1179374657158529
2026-07-31,2026-07-31,5845,全保連,その他金融業,1171.0,見送り,30.6,C,低迷,52.0,58,62.0,,0.0,50.0,蓄積中,93.4,S,0.1394629206510393,0.1187226599648819
2026-07-31,2026-07-31,7952,河合楽器製作所,その他製品,3480.0,見送り,26.5,C,底上げ,39.0,93,50.0,,0.0,50.0,蓄積中,88.8,S,0.0624831075841962,0.0623592378951092
2026-08-03,2026-08-03,9308,乾汽船,海運業,1916.0,最優先,89.1,S,加速,63.0,1,95.0,C,63.0,41.5,高,97.1,S,0.2995418723074152,0.2419553047414786
2026-08-03,2026-08-03,2121,ＭＩＸＩ,情報・通信業,3400.0,優先,73.6,B,底上げ,34.0,11,80.0,B,71.0,28.1,高,97.3,S,0.2021490828168064,0.1926844322572638
2026-08-03,2026-08-03,3176,三洋貿易,卸売業,985.0,監視,71.4,B,底上げ,37.0,9,80.0,C,65.0,35.6,高,96.9,S,0.2355936065086012,0.2282006527189455
2026-08-03,2026-08-03,7504,高速,卸売業,4745.0,監視,71.0,B,底上げ,37.0,3,92.0,C,60.0,46.2,高,99.4,S,0.2970464978795255,0.2896535440898697
2026-08-03,2026-08-03,8084,ＲＹＯＤＥＮ,卸売業,4500.0,監視,70.2,B,底上げ,37.0,6,82.0,C,63.0,46.2,高,94.4,S,0.1156695830238077,0.1082766292341519
2026-08-03,2026-08-03,4816,東映アニメーション,情報・通信業,2925.0,監視,69.0,B,底上げ,34.0,7,81.0,C,60.0,41.5,高,88.2,S,0.1583496212794231,0.1488849707198805
2026-08-03,2026-08-03,8304,あおぞら銀行,銀行業,3213.0,監視,67.5,C,底上げ,33.0,30,70.0,B,65.0,28.1,高,91.3,S,0.1288107583540332,0.1280579997122997
2026-08-03,2026-08-03,6080,Ｍ＆Ａキャピタルパートナーズ,サービス業,4020.0,監視,65.4,C,底上げ,34.0,16,77.0,,0.0,50.0,蓄積中,92.5,S,0.1179505937836213,0.1085788606867171
2026-08-03,2026-08-03,9616,共立メンテナンス,サービス業,3473.0,監視,62.1,C,底上げ,34.0,17,76.0,C,62.0,18.4,高,97.4,S,0.1534617092546566,0.1440899761577524
2026-08-03,2026-08-03,9889,ＪＢＣＣホールディングス,情報・通信業,1696.0,監視,61.7,C,底上げ,34.0,19,75.0,C,57.0,37.9,高,98.5,S,0.2667483425813701,0.2572836920218275
2026-08-03,2026-08-03,8163,ＳＲＳホールディングス,小売業,1537.0,監視,61.6,C,低迷,34.0,10,80.0,C,61.0,37.9,高,97.3,S,0.2309951981325735,0.2205044220181939
2026-08-03,2026-08-03,7740,タムロン,精密機器,1427.0,監視,59.8,C,底上げ,17.0,5,82.0,C,52.0,41.5,高,98.6,S,0.2430372409368184,0.2847880995595628
2026-08-03,2026-08-03,9110,ＮＳユナイテッド海運,海運業,9540.0,監視,58.6,C,加速,63.0,29,70.0,,0.0,50.0,蓄積中,95.8,S,0.4194840379179623,0.3618974703520257
2026-08-03,2026-08-03,8739,スパークス・グループ,証券、商品先物取引業,2419.0,見送り,56.6,C,減速,52.0,35,70.0,C,52.0,37.9,高,77.4,A,0.0456716765286275,0.0080673716019332
2026-08-03,2026-08-03,8050,セイコーグループ,精密機器,8520.0,見送り,54.3,C,底上げ,17.0,44,65.0,C,63.0,28.1,高,91.7,S,0.0505470296058636,0.092297888228608
2026-08-03,2026-08-03,6952,カシオ計算機,電気機器,2164.5,見送り,54.0,C,低迷,13.0,22,75.0,B,72.0,28.1,高,97.1,S,0.1537538149526962,0.2008073800058327
2026-08-03,2026-08-03,8005,スクロール,小売業,1814.0,見送り,53.8,C,低迷,34.0,33,70.0,C,55.0,37.9,高,86.7,S,0.0797026142182766,0.069211838103897
2026-08-03,2026-08-03,2371,カカクコム,サービス業,3690.0,見送り,52.4,C,底上げ,34.0,53,61.0,,0.0,50.0,蓄積中,80.6,A,0.0288286046616321,0.0194568715647279
2026-08-03,2026-08-03,8708,アイザワ証券グループ,証券、商品先物取引業,1732.0,見送り,52.0,C,減速,52.0,46,63.0,,0.0,50.0,蓄積中,89.3,S,0.1080181838512115,0.0704138789245172
2026-08-03,2026-08-03,8704,トレイダーズホールディングス,証券、商品先物取引業,1325.0,見送り,51.7,C,減速,52.0,45,65.0,C,52.0,37.9,高,64.0,B,0.0376043049266943,0.0
2026-08-03,2026-08-03,9511,沖縄電力,電気・ガス業,1098.0,見送り,50.9,C,底上げ,40.0,72,45.0,,0.0,50.0,蓄積中,92.5,S,0.2013958613873048,0.1681761001375381
2026-08-03,2026-08-03,9279,ギフトホールディングス,小売業,5280.0,見送り,50.5,C,低迷,34.0,26,72.0,,0.0,50.0,蓄積中,95.6,S,0.2256804368693572,0.2151896607549777
2026-08-03,2026-08-03,6517,デンヨー,電気機器,4335.0,見送り,48.1,C,低迷,13.0,13,78.0,,0.0,50.0,蓄積中,93.7,S,0.1682718172755766,0.2153253823287131
2026-08-03,2026-08-03,6810,マクセル,電気機器,2570.0,見送り,48.0,C,低迷,13.0,20,75.0,C,54.0,37.9,高,97.6,S,0.1871583020066571,0.2342118670597937
2026-08-03,2026-08-03,5122,オカモト,ゴム製品,6120.0,見送り,45.7,C,減速,50.0,83,40.0,,0.0,50.0,蓄積中,85.3,S,0.122626360821012,0.1022508197566597
2026-08-03,2026-08-03,7839,ＳＨＯＥＩ,その他製品,2009.0,見送り,45.7,C,底上げ,37.0,42,65.0,見送り,49.0,37.9,高,85.9,S,0.0847298221598078,0.0762797112543731
2026-08-03,2026-08-03,6381,アネスト岩田,機械,1872.0,見送り,44.4,C,低迷,17.0,38,68.0,C,51.0,46.2,高,87.7,S,0.0613586973742692,0.0789145564378489
2026-08-03,2026-08-03,6237,イワキポンプ,機械,5540.0,見送り,41.3,C,低迷,17.0,23,73.0,,0.0,50.0,蓄積中,99.7,S,0.3284148283442414,0.3459706874078211
2026-08-03,2026-08-03,4220,リケンテクノス,化学,2621.0,見送り,40.0,C,低迷,17.0,4,88.0,見送り,57.0,39.8,高,99.6,S,0.4860718802420376,0.5035636349478477
2026-08-03,2026-08-03,6364,ＡＩＲＭＡＮ,機械,2675.0,見送り,39.5,C,低迷,17.0,2,92.0,見送り,50.0,37.5,高,97.7,S,0.4013698061502022,0.4189256652137819
2026-08-03,2026-08-03,7952,河合楽器製作所,その他製品,3545.0,見送り,37.9,C,底上げ,37.0,47,63.0,見送り,43.0,46.2,高,92.1,S,0.0792331091243296,0.070782998218895
2026-08-03,2026-08-03,7279,ハイレックスコーポレーション,輸送用機器,2532.0,見送り,32.4,C,低迷,34.0,79,40.0,,0.0,50.0,蓄積中,64.6,B,0.1929066183369931,0.1872976578155072
2026-08-03,2026-08-03,4463,日華化学,化学,1997.0,見送り,30.8,C,低迷,17.0,81,40.0,,0.0,50.0,蓄積中,88.4,S,0.1633637629226254,0.1808555176284355
2026-08-03,2026-08-03,2805,ヱスビー食品,食料品,6700.0,見送り,29.1,C,低迷,29.0,98,35.0,,0.0,50.0,蓄積中,98.9,S,0.2273608888292755,0.2258858195211786
2026-08-03,2026-08-03,1518,三井松島ホールディングス,その他製品,2312.0,見送り,28.3,C,底上げ,37.0,90,35.0,,0.0,50.0,蓄積中,99.8,S,0.4831657909575815,0.4747156800521468
2026-08-03,2026-08-03,4092,日本化学工業,化学,5780.0,見送り,27.9,C,低迷,17.0,97,35.0,,0.0,50.0,蓄積中,99.3,S,0.2938125271258698,0.3113042818316799
2026-08-03,2026-08-03,2934,ジェイフロンティア,食料品,1917.0,見送り,26.7,C,低迷,29.0,36,68.0,,0.0,50.0,蓄積中,88.9,S,0.2176130003425795,0.2161379310344826
2026-08-03,2026-08-03,3276,ＪＰＭＣ,不動産業,1822.0,見送り,25.1,C,低迷,25.0,95,35.0,,0.0,50.0,蓄積中,98.9,S,0.3644306750266823,0.3658138278993521
2026-08-03,2026-08-03,8995,誠建設工業,不動産業,1140.0,見送り,24.8,C,低迷,25.0,65,50.0,,0.0,50.0,蓄積中,97.1,S,0.3719514901061622,0.373334642978832
2026-08-04,2026-08-04,9308,乾汽船,海運業,1971.0,最優先,84.0,A,加速,66.0,2,90.0,C,61.0,38.0,高,97.9,S,0.314,0.2731836734693877
2026-08-04,2026-08-04,9110,ＮＳユナイテッド海運,海運業,10420.0,監視,81.3,A,加速,66.0,3,88.0,C,67.0,33.5,高,98.0,S,0.5278592375366569,0.4870429110060446
2026-08-04,2026-08-04,7272,ヤマハ発動機,輸送用機器,1511.0,監視,71.7,B,底上げ,34.0,16,75.0,B,71.0,29.2,高,97.4,S,0.1860282574568288,0.1860282574568288
2026-08-04,2026-08-04,8159,立花エレテック,卸売業,3795.0,監視,70.2,B,底上げ,37.0,7,82.0,C,63.0,41.7,高,94.3,S,0.1379310344827586,0.135228331780056
2026-08-04,2026-08-04,7510,たけびし,卸売業,2872.0,監視,64.6,C,底上げ,37.0,9,78.0,,0.0,50.0,蓄積中,97.9,S,0.234737747205503,0.2320350445028003
2026-08-04,2026-08-04,7613,シークス,卸売業,1531.0,監視,64.5,C,底上げ,37.0,17,75.0,C,59.0,39.8,高,93.7,S,0.1831530139103554,0.1804503112076527
2026-08-04,2026-08-04,6810,マクセル,電気機器,2456.0,監視,63.5,C,底上げ,18.0,11,78.0,,0.0,50.0,蓄積中,96.2,S,0.1375636868920797,0.1690284246859315
2026-08-04,2026-08-04,9104,商船三井,海運業,6058.0,監視,63.1,C,加速,66.0,97,35.0,,0.0,50.0,蓄積中,82.0,A,0.1262316415690649,0.0854153150384526
2026-08-04,2026-08-04,6952,カシオ計算機,電気機器,2248.5,監視,62.5,C,底上げ,18.0,10,78.0,C,61.0,18.7,高,97.9,S,0.1925218774860779,0.2239866152799297
2026-08-04,2026-08-04,6381,アネスト岩田,機械,1876.0,監視,59.6,C,底上げ,27.0,24,72.0,,0.0,50.0,蓄積中,89.1,S,0.0701654306902452,0.0841815248482087
2026-08-04,2026-08-04,4189,ＫＨネオケム,化学,3345.0,監視,58.5,C,底上げ,22.0,29,70.0,C,55.0,39.8,高,95.4,S,0.124747814391392,0.1386404934057962
2026-08-04,2026-08-04,9889,ＪＢＣＣホールディングス,情報・通信業,1664.0,見送り,57.9,C,底上げ,34.0,22,73.0,,0.0,50.0,蓄積中,98.1,S,0.2190476190476191,0.2124242960180828
2026-08-04,2026-08-04,7745,Ａ＆Ｄホロンホールディングス,精密機器,3235.0,見送り,57.4,C,底上げ,25.0,30,70.0,C,53.0,39.8,高,87.3,S,0.1178299930891499,0.1324037340449083
2026-08-04,2026-08-04,4689,ＬＩＮＥヤフー,情報・通信業,460.2999877929688,見送り,54.0,C,底上げ,34.0,56,60.0,C,60.0,29.2,高,72.8,A,0.049236323193317,0.0426130001637807
2026-08-04,2026-08-04,7740,タムロン,精密機器,1421.0,見送り,53.0,C,底上げ,25.0,13,77.0,C,56.0,38.0,高,98.2,S,0.2367275892080069,0.2513013301637652
2026-08-04,2026-08-04,7089,フォースタートアップス,サービス業,1713.0,見送り,52.3,C,低迷,29.0,19,75.0,C,56.0,39.8,高,90.3,S,0.1051612903225807,0.1006526703446973
2026-08-04,2026-08-04,8739,スパークス・グループ,証券、商品先物取引業,2413.0,見送り,51.9,C,低迷,41.0,34,68.0,,0.0,50.0,蓄積中,83.5,A,0.0597277119016248,0.0329560583583177
2026-08-04,2026-08-04,8050,セイコーグループ,精密機器,8900.0,見送り,50.7,C,底上げ,25.0,46,63.0,,0.0,50.0,蓄積中,97.3,S,0.1337579617834394,0.1483317027391977
2026-08-04,2026-08-04,9436,沖縄セルラー電話,情報・通信業,4070.0,見送り,50.7,C,底上げ,34.0,49,62.0,,0.0,50.0,蓄積中,91.2,S,0.0767195767195767,0.0700962536900404
2026-08-04,2026-08-04,7990,グローブライド,その他製品,2623.0,見送り,49.8,C,低迷,34.0,31,70.0,C,50.0,39.8,高,92.0,S,0.1030277544154751,0.0944751228365277
2026-08-04,2026-08-04,9278,ブックオフグループホールディングス,小売業,2839.0,見送り,49.6,C,低迷,29.0,21,73.0,,0.0,50.0,蓄積中,98.7,S,0.4075359444719881,0.4026575732398358
2026-08-04,2026-08-04,2664,カワチ薬品,小売業,3485.0,見送り,48.5,C,低迷,29.0,43,65.0,C,52.0,39.8,高,81.5,A,0.0372023809523809,0.0323240097202286
2026-08-04,2026-08-04,4220,リケンテクノス,化学,2673.0,見送り,46.0,C,底上げ,22.0,4,87.0,見送り,52.0,39.1,高,99.6,S,0.4817073170731707,0.4955999960875749
2026-08-04,2026-08-04,6737,ＥＩＺＯ,電気機器,2949.0,見送り,45.7,C,底上げ,18.0,54,60.0,,0.0,50.0,蓄積中,96.4,S,0.132923549750288,0.1643882875441398
2026-08-04,2026-08-04,8005,スクロール,小売業,1809.0,見送り,45.7,C,低迷,29.0,33,68.0,,0.0,50.0,蓄積中,79.2,A,0.0603751465416178,0.0554967753094655
2026-08-04,2026-08-04,6364,ＡＩＲＭＡＮ,機械,2735.0,見送り,45.4,C,底上げ,27.0,5,87.0,見送り,49.0,39.1,高,99.5,S,0.4341898269533297,0.4482059211112932
2026-08-04,2026-08-04,8622,水戸証券,証券、商品先物取引業,807.0,見送り,44.9,C,低迷,41.0,52,60.0,,0.0,50.0,蓄積中,95.4,S,0.1902654867256636,0.1634938331823565
2026-08-04,2026-08-04,2371,カカクコム,サービス業,3700.0,見送り,44.0,C,低迷,29.0,50,61.0,,0.0,50.0,蓄積中,85.1,S,0.034386357282639,0.0298777373047557
2026-08-04,2026-08-04,6237,イワキポンプ,機械,5800.0,見送り,43.6,C,底上げ,27.0,12,77.0,見送り,44.0,38.0,高,99.7,S,0.3615023474178405,0.3755184415758039
2026-08-04,2026-08-04,8708,アイザワ証券グループ,証券、商品先物取引業,1680.0,見送り,42.6,C,低迷,41.0,48,62.0,,0.0,50.0,蓄積中,86.1,S,0.0845706907682375,0.0577990372249304
2026-08-04,2026-08-04,7366,ＬＩＴＡＬＩＣＯ,サービス業,1660.0,見送り,42.5,C,低迷,29.0,45,65.0,C,51.0,39.8,高,57.5,B,-0.0354445090063916,-0.0399531289842749
2026-08-04,2026-08-04,7942,ＪＳＰ,化学,2795.0,見送り,42.1,C,底上げ,22.0,79,40.0,,0.0,50.0,蓄積中,86.7,S,0.1008270972823945,0.1147197762967987
2026-08-04,2026-08-04,5122,オカモト,ゴム製品,6310.0,見送り,40.1,C,減速,46.0,40,65.0,見送り,49.0,41.7,高,91.7,S,0.1728624535315985,0.1520218705826943
2026-08-04,2026-08-04,7279,ハイレックスコーポレーション,輸送用機器,2525.0,見送り,39.4,C,底上げ,34.0,78,40.0,,0.0,50.0,蓄積中,63.7,B,0.1662817551963049,0.1662817551963049
2026-08-04,2026-08-04,2805,ヱスビー食品,食料品,6790.0,見送り,37.0,C,低迷,12.0,53,60.0,,0.0,50.0,蓄積中,98.4,S,0.1849912739965096,0.1897306104894006
2026-08-04,2026-08-04,4578,大塚ホールディングス,医薬品,12015.0,見送り,34.2,C,低迷,5.0,62,55.0,,0.0,50.0,蓄積中,82.7,A,0.0286815068493151,0.0677596631619403
2026-08-04,2026-08-04,3276,ＪＰＭＣ,不動産業,2222.0,見送り,30.2,C,低迷,17.0,26,70.0,,0.0,50.0,蓄積中,99.8,S,0.623082542001461,0.6255476200622662
2026-08-04,2026-08-04,8995,誠建設工業,不動産業,1074.0,見送り,27.7,C,低迷,17.0,71,45.0,,0.0,50.0,蓄積中,94.8,S,0.2971014492753623,0.2995665273361675
2026-08-04,2026-08-04,1518,三井松島ホールディングス,その他製品,2282.0,見送り,27.5,C,低迷,34.0,86,35.0,,0.0,50.0,蓄積中,99.7,S,0.4656390494540783,0.4570864178751308
2026-08-04,2026-08-04,2934,ジェイフロンティア,食料品,1997.0,見送り,26.6,C,低迷,12.0,23,72.0,,0.0,50.0,蓄積中,93.5,S,0.2744097000638161,0.2791490365567072
2026-08-04,2026-08-04,8542,トマト銀行,銀行業,1705.0,見送り,26.1,C,低迷,25.0,96,35.0,,0.0,50.0,蓄積中,77.8,A,0.1276455026455025,0.1300919858259307
2026-08-04,2026-08-04,2226,湖池屋,食料品,4800.0,見送り,24.9,C,低迷,12.0,44,65.0,見送り,49.0,40.0,高,61.4,B,0.0105263157894737,0.0152656522823647
2026-08-04,2026-08-04,7952,河合楽器製作所,その他製品,3565.0,見送り,23.8,C,低迷,34.0,59,57.0,,0.0,50.0,蓄積中,92.4,S,0.0803030303030303,0.0717503987240828
2026-08-05,2026-08-05,4189,ＫＨネオケム,化学,3435.0,監視,69.2,B,底上げ,39.0,12,78.0,,0.0,50.0,蓄積中,95.8,S,0.1679697224651152,0.1652817219568865
2026-08-05,2026-08-05,5122,オカモト,ゴム製品,6550.0,監視,66.6,C,加速,62.0,38,68.0,,0.0,50.0,蓄積中,91.8,S,0.2077769477231602,0.1802835463972906
2026-08-05,2026-08-05,8159,立花エレテック,卸売業,3985.0,監視,66.1,C,低迷,37.0,6,87.0,,0.0,50.0,蓄積中,96.5,S,0.209753009150441,0.2067483349005622
2026-08-05,2026-08-05,8739,スパークス・グループ,証券、商品先物取引業,2485.0,監視,66.0,C,改善,47.0,25,72.0,,0.0,50.0,蓄積中,87.2,S,0.0968095501703968,0.0619955654101995
2026-08-05,2026-08-05,7951,ヤマハ,その他製品,1315.0,監視,64.7,C,低迷,34.0,17,75.0,B,71.0,33.2,高,92.7,S,0.101716341662554,0.0979203209742132
2026-08-05,2026-08-05,4475,ＨＥＮＮＧＥ,情報・通信業,1519.0,監視,63.6,C,低迷,34.0,10,80.0,C,64.0,42.6,高,98.3,S,0.2158750780077857,0.2119465099142552
2026-08-05,2026-08-05,6125,岡本工作機械製作所,機械,5860.0,監視,63.4,C,改善,47.0,51,65.0,C,50.0,42.6,高,88.1,S,0.0860616570134561,0.0775169774595246
2026-08-05,2026-08-05,7745,Ａ＆Ｄホロンホールディングス,精密機器,3260.0,監視,63.3,C,底上げ,39.0,21,73.0,,0.0,50.0,蓄積中,84.7,A,0.1358710376128399,0.1230138980907379
2026-08-05,2026-08-05,4206,アイカ工業,化学,3991.0,監視,62.1,C,底上げ,39.0,35,70.0,C,55.0,42.6,高,85.9,S,0.0659358312443626,0.0632478307361339
2026-08-05,2026-08-05,6141,ＤＭＧ森精機,機械,3727.0,監視,61.4,C,改善,47.0,52,65.0,C,63.0,33.2,高,63.0,B,0.0473415193549445,0.0387968398010131
2026-08-05,2026-08-05,7296,エフ・シー・シー,輸送用機器,4095.0,監視,60.1,C,底上げ,39.0,32,70.0,C,53.0,42.6,高,92.6,S,0.1565161124197717,0.1492675726857524
2026-08-05,2026-08-05,2393,日本ケアサプライ,サービス業,4430.0,監視,58.8,C,底上げ,34.0,36,70.0,C,52.0,42.6,高,90.8,S,0.0546225972003885,0.0545392915970999
2026-08-05,2026-08-05,8050,セイコーグループ,精密機器,9420.0,監視,58.8,C,底上げ,39.0,15,77.0,C,60.0,35.1,高,98.6,S,0.2905498857230583,0.2776927462009563
2026-08-05,2026-08-05,5195,バンドー化学,ゴム製品,2444.0,監視,58.6,C,加速,62.0,83,55.0,,0.0,50.0,蓄積中,87.0,S,0.0805536560174161,0.0530602546915465
2026-08-05,2026-08-05,6457,グローリー,機械,4677.0,見送り,57.5,C,改善,47.0,67,60.0,,0.0,50.0,蓄積中,90.5,S,0.1142491211891106,0.1057044416351792
2026-08-05,2026-08-05,6508,明電舎,電気機器,11250.0,見送り,55.1,C,底上げ,35.0,30,70.0,C,56.0,33.2,高,93.7,S,0.205793532661166,0.2004532097239695
2026-08-05,2026-08-05,7272,ヤマハ発動機,輸送用機器,1805.0,見送り,55.0,C,底上げ,39.0,3,88.0,見送り,60.0,32.2,高,99.3,S,0.4016729091561443,0.394424369422125
2026-08-05,2026-08-05,7609,ダイトロン,卸売業,4325.0,見送り,54.6,C,低迷,37.0,11,78.0,,0.0,50.0,蓄積中,88.4,S,0.2217643393701264,0.2187596651202475
2026-08-05,2026-08-05,8012,長瀬産業,卸売業,1272.5,見送り,54.6,C,低迷,37.0,34,70.0,C,55.0,42.6,高,86.2,S,0.080564838002518,0.0775601637526391
2026-08-05,2026-08-05,8304,あおぞら銀行,銀行業,3221.0,見送り,53.4,C,底上げ,43.0,70,60.0,,0.0,50.0,蓄積中,87.0,S,0.096764036077337,0.0724131605914804
2026-08-05,2026-08-05,3941,レンゴー,パルプ・紙,1614.5,見送り,53.1,C,低迷,39.0,33,70.0,C,53.0,42.6,高,94.9,S,0.1321862989553363,0.1096944413096734
2026-08-05,2026-08-05,6677,エスケーエレクトロニクス,電気機器,3830.0,見送り,51.4,C,底上げ,35.0,57,63.0,,0.0,50.0,蓄積中,88.8,S,0.1098067067398188,0.1044663838026223
2026-08-05,2026-08-05,6737,ＥＩＺＯ,電気機器,3020.0,見送り,51.4,C,底上げ,35.0,54,63.0,,0.0,50.0,蓄積中,96.6,S,0.1828548974273883,0.1775145744901918
2026-08-05,2026-08-05,6197,ソラスト,サービス業,1118.0,見送り,50.9,C,底上げ,34.0,53,65.0,C,52.0,42.6,高,51.6,C,0.0029294040568609,0.0028460984535723
2026-08-05,2026-08-05,4220,リケンテクノス,化学,2809.0,見送り,50.6,C,底上げ,39.0,5,87.0,見送り,52.0,40.3,高,99.6,S,0.5536375141719619,0.5509495136637332
2026-08-05,2026-08-05,3159,丸善ＣＨＩホールディングス,小売業,411.0,見送り,49.6,C,低迷,29.0,20,73.0,C,51.0,46.3,高,92.2,S,0.1364806514268638,0.1391285956006767
2026-08-05,2026-08-05,2371,カカクコム,サービス業,3700.0,見送り,49.4,C,底上げ,34.0,61,61.0,,0.0,50.0,蓄積中,83.3,A,0.0312285505865278,0.0311452449832392
2026-08-05,2026-08-05,7350,おきなわフィナンシャルグループ,銀行業,7530.0,見送り,49.4,C,底上げ,43.0,65,60.0,,0.0,50.0,蓄積中,92.8,S,0.117019647949467,0.0926687724636103
2026-08-05,2026-08-05,3276,ＪＰＭＣ,不動産業,2245.0,見送り,49.2,C,底上げ,25.0,2,88.0,見送り,56.0,43.5,高,99.7,S,0.5949565364351793,0.6001425516749821
2026-08-05,2026-08-05,3563,ＦＯＯＤ　＆　ＬＩＦＥ　ＣＯＭＰＡＮＩＥＳ,小売業,5901.0,見送り,47.5,C,低迷,29.0,46,65.0,,0.0,50.0,蓄積中,91.9,S,0.2295911347915845,0.2322390789653974
2026-08-05,2026-08-05,2997,ストレージ王,不動産業,1336.0,見送り,46.8,C,底上げ,25.0,93,50.0,,0.0,50.0,蓄積中,98.5,S,0.4130730081147619,0.4182590233545646
2026-08-05,2026-08-05,4073,ジィ・シィ企画,情報・通信業,729.0,見送り,46.7,C,低迷,34.0,7,83.0,,0.0,50.0,蓄積中,99.0,S,0.6784167561227837,0.6744881880292533
2026-08-05,2026-08-05,8368,百五銀行,銀行業,2167.0,見送り,44.6,C,底上げ,43.0,97,50.0,,0.0,50.0,蓄積中,74.1,A,0.0361402701998897,0.011789394714033
2026-08-05,2026-08-05,9436,沖縄セルラー電話,情報・通信業,4120.0,見送り,43.7,C,低迷,34.0,60,62.0,,0.0,50.0,蓄積中,91.5,S,0.0833212502819938,0.0793926821884634
2026-08-05,2026-08-05,9110,ＮＳユナイテッド海運,海運業,10410.0,見送り,43.4,C,減速,57.0,92,50.0,,0.0,50.0,蓄積中,97.9,S,0.5602275185947837,0.4876357560568087
2026-08-05,2026-08-05,7990,グローブライド,その他製品,2700.0,見送り,43.0,C,低迷,34.0,39,68.0,,0.0,50.0,蓄積中,94.4,S,0.1350166874628998,0.131220666774559
2026-08-05,2026-08-05,2805,ヱスビー食品,食料品,6960.0,見送り,38.2,C,低迷,12.0,55,63.0,,0.0,50.0,蓄積中,97.9,S,0.1764778217720818,0.1960831667079096
2026-08-05,2026-08-05,9279,ギフトホールディングス,小売業,5290.0,見送り,37.8,C,低迷,29.0,26,71.0,見送り,46.0,40.0,高,96.2,S,0.1943604700209681,0.197008414194781
2026-08-05,2026-08-05,5845,全保連,その他金融業,1195.0,見送り,37.6,C,底上げ,33.0,48,65.0,見送り,44.0,42.6,高,94.5,S,0.1550081595174787,0.1470767924159041
2026-08-05,2026-08-05,8011,三陽商会,繊維製品,5100.0,見送り,33.5,C,低迷,21.0,62,60.0,,0.0,50.0,蓄積中,97.2,S,0.176737507355794,0.1828953398939448
2026-08-05,2026-08-05,8704,トレイダーズホールディングス,証券、商品先物取引業,1329.0,見送り,30.7,C,改善,47.0,95,50.0,,0.0,50.0,蓄積中,75.7,A,0.0622838642782695,0.0274698795180723
2026-08-05,2026-08-05,7952,河合楽器製作所,その他製品,3515.0,見送り,20.8,C,低迷,34.0,74,57.0,,0.0,50.0,蓄積中,87.8,S,0.0648292054603495,0.0610331847720087
2026-08-06,2026-08-06,8343,秋田銀行,銀行業,7980.0,監視,71.3,B,加速,69.0,59,65.0,C,50.0,45.6,高,92.5,S,0.0993903597291034,0.0749655901609915
2026-08-06,2026-08-06,4452,花王,化学,3597.0,監視,69.5,B,底上げ,44.0,36,70.0,B,65.0,34.6,高,88.0,S,0.0674298278579725,0.0617592054233073
2026-08-06,2026-08-06,8304,あおぞら銀行,銀行業,3272.0,監視,68.6,B,加速,69.0,74,63.0,,0.0,50.0,蓄積中,88.4,S,0.1073836579410889,0.082958888372977
2026-08-06,2026-08-06,4008,住友精化,化学,1446.0,監視,68.4,B,底上げ,44.0,25,75.0,C,62.0,45.6,高,89.1,S,0.1130586571248,0.1073880346901348
2026-08-06,2026-08-06,4968,荒川化学工業,化学,2440.0,監視,68.4,B,底上げ,44.0,21,75.0,C,62.0,45.6,高,97.1,S,0.1508672708496441,0.1451966484149789
2026-08-06,2026-08-06,8346,東邦銀行,銀行業,958.0,監視,67.4,C,加速,69.0,83,60.0,,0.0,50.0,蓄積中,94.2,S,0.1368209228032333,0.1123961532351214
2026-08-06,2026-08-06,5480,日本冶金工業,鉄鋼,5690.0,監視,66.9,C,改善,57.0,22,75.0,見送り,62.0,43.1,高,93.9,S,0.1471961032663153,0.1105153661896541
2026-08-06,2026-08-06,3941,レンゴー,パルプ・紙,1595.5,監視,64.1,C,改善,49.0,42,68.0,,0.0,50.0,蓄積中,90.6,S,0.0913801744656543,0.0619673588542473
2026-08-06,2026-08-06,6645,オムロン,電気機器,6819.0,監視,63.8,C,底上げ,38.0,18,75.0,C,64.0,34.6,高,87.0,S,0.1818568519939865,0.1728185418396417
2026-08-06,2026-08-06,7745,Ａ＆Ｄホロンホールディングス,精密機器,3055.0,監視,63.8,C,改善,46.0,31,72.0,,0.0,50.0,蓄積中,68.0,B,0.0603181974442772,0.033411916524104
2026-08-06,2026-08-06,6103,オークマ,機械,5520.0,監視,63.5,C,低迷,40.0,27,73.0,B,67.0,37.0,高,92.1,S,0.1715283815474153,0.1640595371545969
2026-08-06,2026-08-06,2801,キッコーマン,食料品,1770.0,監視,63.3,C,底上げ,21.0,38,70.0,B,65.0,34.6,高,86.1,S,0.0412089382162577,0.0596694764192272
2026-08-06,2026-08-06,7832,バンダイナムコホールディングス,その他製品,4885.0,監視,62.7,C,低迷,34.0,17,75.0,B,69.0,34.6,高,96.3,S,0.1947955730586072,0.195342151278173
2026-08-06,2026-08-06,8622,水戸証券,証券、商品先物取引業,858.0,監視,62.3,C,改善,54.0,52,65.0,,0.0,50.0,蓄積中,96.8,S,0.2494274278548043,0.2230510143682527
2026-08-06,2026-08-06,8739,スパークス・グループ,証券、商品先物取引業,2474.0,監視,60.0,C,改善,54.0,48,67.0,,0.0,50.0,蓄積中,85.7,S,0.0959556051380272,0.0695791916514756
2026-08-06,2026-08-06,4385,メルカリ,情報・通信業,4921.0,監視,59.8,C,低迷,34.0,37,70.0,B,65.0,34.6,高,82.0,A,0.0443922752751384,0.0387459864322718
2026-08-06,2026-08-06,7089,フォースタートアップス,サービス業,1738.0,監視,59.3,C,低迷,34.0,11,82.0,C,63.0,50.3,高,81.6,A,0.1188202769215076,0.121196635231723
2026-08-06,2026-08-06,7272,ヤマハ発動機,輸送用機器,1872.0,監視,59.2,C,改善,45.0,5,87.0,見送り,62.0,35.5,高,99.5,S,0.4877148132935613,0.4675942975054792
2026-08-06,2026-08-06,9888,ＵＥＸ,卸売業,1177.0,監視,59.1,C,低迷,37.0,10,82.0,,0.0,50.0,蓄積中,97.9,S,0.1905359417449419,0.1862867655460841
2026-08-06,2026-08-06,5195,バンドー化学,ゴム製品,2468.0,監視,58.7,C,主導,62.0,76,63.0,,0.0,50.0,蓄積中,87.0,S,0.0922858642340447,0.0587383362386944
2026-08-06,2026-08-06,2760,東京エレクトロン　デバイス,卸売業,4470.0,見送り,57.7,C,低迷,37.0,26,73.0,,0.0,50.0,蓄積中,90.3,S,0.1831069888553749,0.1788578126565171
2026-08-06,2026-08-06,8075,神鋼商事,卸売業,2840.0,見送り,57.5,C,低迷,37.0,20,75.0,C,59.0,45.6,高,90.0,S,0.1567987230596872,0.1525495468608294
2026-08-06,2026-08-06,9619,イチネンホールディングス,サービス業,2501.0,見送り,56.7,C,低迷,34.0,23,75.0,C,58.0,45.6,高,90.9,S,0.1232417348509422,0.1256180931611576
2026-08-06,2026-08-06,6724,セイコーエプソン,電気機器,3133.0,見送り,56.0,C,底上げ,38.0,57,65.0,C,61.0,34.6,高,92.6,S,0.104660577183741,0.0956222670293962
2026-08-06,2026-08-06,3159,丸善ＣＨＩホールディングス,小売業,422.0,見送り,54.5,C,底上げ,34.0,29,72.0,,0.0,50.0,蓄積中,93.7,S,0.1552613899352677,0.1610674937804916
2026-08-06,2026-08-06,6517,デンヨー,電気機器,4365.0,見送り,54.1,C,底上げ,38.0,39,68.0,,0.0,50.0,蓄積中,91.8,S,0.2278134059221019,0.2187750957677572
2026-08-06,2026-08-06,3563,ＦＯＯＤ　＆　ＬＩＦＥ　ＣＯＭＰＡＮＩＥＳ,小売業,5820.0,見送り,52.1,C,底上げ,34.0,68,63.0,,0.0,50.0,蓄積中,85.4,S,0.1698035076234529,0.1756096114686769
2026-08-06,2026-08-06,8163,ＳＲＳホールディングス,小売業,1568.0,見送り,51.9,C,底上げ,34.0,53,65.0,,0.0,50.0,蓄積中,97.1,S,0.2300218626956005,0.2358279665408245
2026-08-06,2026-08-06,5301,東海カーボン,ガラス・土石製品,1757.0,見送り,49.0,C,低迷,27.0,63,65.0,C,62.0,34.6,高,84.9,A,0.0353488669150099,0.0473017621145375
2026-08-06,2026-08-06,7951,ヤマハ,その他製品,1342.5,見送り,49.0,C,低迷,34.0,41,68.0,C,55.0,23.6,高,93.2,S,0.1384243910913043,0.13897096931087
2026-08-06,2026-08-06,8011,三陽商会,繊維製品,5100.0,見送り,48.7,C,底上げ,29.0,40,68.0,,0.0,50.0,蓄積中,97.4,S,0.1994799463930645,0.2067176595646347
2026-08-06,2026-08-06,3276,ＪＰＭＣ,不動産業,2244.0,見送り,48.2,C,底上げ,30.0,4,87.0,見送り,56.0,41.4,高,99.7,S,0.573142915374196,0.579900609239836
2026-08-06,2026-08-06,5121,藤倉コンポジット,ゴム製品,2775.0,見送り,46.5,C,主導,62.0,92,60.0,見送り,42.0,45.6,高,78.2,A,0.0794605453648658,0.0459130173695154
2026-08-06,2026-08-06,2805,ヱスビー食品,食料品,6900.0,見送り,46.1,C,底上げ,21.0,46,67.0,,0.0,50.0,蓄積中,97.0,S,0.1511316951978381,0.1695922334008076
2026-08-06,2026-08-06,4746,東計電算,情報・通信業,6600.0,見送り,46.1,C,低迷,34.0,2,92.0,見送り,56.0,45.5,高,99.3,S,0.3819205968728159,0.3762743080299493
2026-08-06,2026-08-06,9436,沖縄セルラー電話,情報・通信業,4095.0,見送り,45.3,C,低迷,34.0,50,66.0,,0.0,50.0,蓄積中,86.9,S,0.0559217835816765,0.0502754947388099
2026-08-06,2026-08-06,6457,グローリー,機械,4751.0,見送り,44.7,C,低迷,40.0,69,63.0,,0.0,50.0,蓄積中,91.5,S,0.138487722215292,0.1310188778224736
2026-08-06,2026-08-06,7979,松風,精密機器,2214.0,見送り,44.2,C,改善,46.0,93,60.0,見送り,41.0,45.6,高,86.9,S,0.0674123203392227,0.0405060394190495
2026-08-06,2026-08-06,6490,ＰＩＬＬＡＲ,機械,10610.0,見送り,43.6,C,低迷,40.0,87,60.0,,0.0,50.0,蓄積中,81.5,A,0.1063576388448344,0.098888794452016
2026-08-06,2026-08-06,7990,グローブライド,その他製品,2735.0,見送り,42.6,C,低迷,34.0,45,67.0,,0.0,50.0,蓄積中,94.9,S,0.1568224051139002,0.1573689833334659
2026-08-06,2026-08-06,2492,インフォマート,サービス業,578.0,見送り,42.0,C,低迷,34.0,80,60.0,,0.0,50.0,蓄積中,96.8,S,0.1548381142268378,0.1572144725370532
2026-08-06,2026-08-06,8596,九州リースサービス,その他金融業,1603.0,見送り,38.6,C,底上げ,44.0,61,65.0,見送り,43.0,45.6,高,79.9,A,0.0852093134859828,0.0713130374685164
2026-08-07,2026-08-07,5195,バンドー化学,ゴム製品,2477.0,最優先,87.3,A,加速,78.0,22,77.0,B,65.0,50.9,高,78.9,A,0.0934068772136953,0.0181136968469391
2026-08-07,2026-08-07,5108,ブリヂストン,ゴム製品,4199.0,優先,81.7,A,加速,78.0,51,70.0,C,62.0,36.5,高,90.7,S,0.1631352206787408,0.0878420403119847
2026-08-07,2026-08-07,5192,三ツ星ベルト,ゴム製品,4325.0,優先,78.7,A,加速,78.0,57,70.0,C,55.0,47.3,高,68.5,B,0.0756536202505326,0.0003604398837765
2026-08-07,2026-08-07,8088,岩谷産業,卸売業,2227.0,優先,73.8,B,底上げ,42.0,30,75.0,B,72.0,36.5,高,89.1,S,0.1083884089557327,0.1000968755192192
2026-08-07,2026-08-07,9888,ＵＥＸ,卸売業,1124.0,優先,73.0,B,底上げ,42.0,5,86.0,C,62.0,42.9,高,91.9,S,0.1241048224686425,0.1158132890321289
2026-08-07,2026-08-07,8075,神鋼商事,卸売業,3005.0,優先,72.9,B,底上げ,42.0,9,83.0,,0.0,50.0,蓄積中,95.4,S,0.217648332391755,0.2093567989552415
2026-08-07,2026-08-07,6448,ブラザー工業,電気機器,4561.0,優先,72.5,B,低迷,35.0,4,87.0,B,79.0,38.3,高,97.2,S,0.2203060084878265,0.2307419183889771
2026-08-07,2026-08-07,7832,バンダイナムコホールディングス,その他製品,5398.0,優先,72.2,B,底上げ,40.0,3,88.0,C,64.0,25.7,高,98.6,S,0.3227504737297195,0.3250554248253297
2026-08-07,2026-08-07,8713,フィデアホールディングス,銀行業,2454.0,監視,69.1,B,減速,62.0,18,80.0,C,59.0,47.3,高,90.3,S,0.1917249937144665,0.1609783905487571
2026-08-07,2026-08-07,4527,ロート製薬,医薬品,2862.5,監視,68.4,B,底上げ,22.0,24,75.0,B,72.0,36.5,高,93.7,S,0.148860912275996,0.1688891854382406
2026-08-07,2026-08-07,3405,クラレ,化学,1954.5,監視,67.4,C,低迷,44.0,26,75.0,B,71.0,36.5,高,90.2,S,0.1434282614326696,0.1322029084034512
2026-08-07,2026-08-07,7846,パイロットコーポレーション,その他製品,2004.5,監視,67.3,C,底上げ,40.0,29,75.0,C,62.0,47.3,高,93.7,S,0.1143599106193005,0.1166648617149106
2026-08-07,2026-08-07,3877,中越パルプ工業,パルプ・紙,2219.0,監視,66.5,C,改善,55.0,58,70.0,C,52.0,47.3,高,72.6,A,0.0679343671288434,0.0111826309539998
2026-08-07,2026-08-07,4116,大日精化工業,化学,1315.0,監視,66.4,C,低迷,44.0,10,83.0,,0.0,50.0,蓄積中,94.5,S,0.2142824102627358,0.2030570572335175
2026-08-07,2026-08-07,5830,いよぎんホールディングス,銀行業,3813.0,監視,64.3,C,減速,62.0,53,70.0,C,62.0,36.5,高,86.6,S,0.1455140254935965,0.1147674223278871
2026-08-07,2026-08-07,5975,東プレ,金属製品,3000.0,監視,64.0,C,底上げ,35.0,25,75.0,C,59.0,47.3,高,91.6,S,0.1436726699469737,0.1549230165481109
2026-08-07,2026-08-07,4025,多木化学,化学,6140.0,監視,63.4,C,低迷,44.0,8,83.0,C,62.0,50.9,高,89.8,S,0.2829619555741534,0.271736602544935
2026-08-07,2026-08-07,7780,メニコン,精密機器,2086.0,監視,61.8,C,減速,46.0,15,80.0,C,62.0,47.3,高,98.0,S,0.2503151701919035,0.2318812792392053
2026-08-07,2026-08-07,3402,東レ,繊維製品,1355.0,監視,60.8,C,底上げ,34.0,50,70.0,C,63.0,36.5,高,91.9,S,0.169976778734513,0.1791267197026358
2026-08-07,2026-08-07,4847,インテリジェント　ウェイブ,情報・通信業,1236.0,監視,60.7,C,低迷,34.0,7,83.0,,0.0,50.0,蓄積中,97.7,S,0.2859226335162164,0.2847753096724017
2026-08-07,2026-08-07,5480,日本冶金工業,鉄鋼,5600.0,監視,60.1,C,低迷,57.0,33,73.0,,0.0,50.0,蓄積中,91.4,S,0.1281328373533519,0.0912080991889002
2026-08-07,2026-08-07,7951,ヤマハ,その他製品,1377.0,監視,59.2,C,底上げ,40.0,40,72.0,C,55.0,25.7,高,94.4,S,0.1665416619495074,0.1688466130451176
2026-08-07,2026-08-07,2681,ゲオホールディングス,小売業,2319.0,監視,58.7,C,低迷,34.0,28,75.0,C,61.0,47.3,高,91.3,S,0.1367608875492467,0.141142523819301
2026-08-07,2026-08-07,6523,ＰＨＣホールディングス,電気機器,1311.0,見送り,57.9,C,低迷,35.0,16,80.0,C,72.0,38.6,高,97.7,S,0.2493934886532662,0.2598293985544169
2026-08-07,2026-08-07,7296,エフ・シー・シー,輸送用機器,4155.0,見送り,57.8,C,減速,45.0,49,70.0,C,52.0,47.3,高,93.8,S,0.1798558165455255,0.162150469944075
2026-08-07,2026-08-07,8304,あおぞら銀行,銀行業,3259.0,見送り,57.2,C,減速,62.0,71,67.0,,0.0,50.0,蓄積中,87.7,S,0.1117840577685664,0.0810374546028571
2026-08-07,2026-08-07,7716,ナカニシ,精密機器,3245.0,見送り,57.0,C,減速,46.0,59,70.0,C,55.0,47.3,高,77.3,A,0.0480608221249931,0.0296269311722949
2026-08-07,2026-08-07,5401,日本製鉄,鉄鋼,697.5,見送り,56.0,C,低迷,57.0,45,70.0,C,61.0,36.5,高,96.0,S,0.2420997086628218,0.2051749704983702
2026-08-07,2026-08-07,4052,フィーチャ,情報・通信業,533.0,見送り,55.6,C,低迷,34.0,1,88.0,,0.0,50.0,蓄積中,99.9,S,1.2653810835629016,1.264233759719087
2026-08-07,2026-08-07,8163,ＳＲＳホールディングス,小売業,1515.0,見送り,53.9,C,低迷,34.0,31,73.0,C,57.0,50.9,高,95.5,S,0.1871282464027011,0.1915098826727553
2026-08-07,2026-08-07,6490,ＰＩＬＬＡＲ,機械,10280.0,見送り,53.5,C,低迷,40.0,36,73.0,C,63.0,50.9,高,62.7,B,0.0506850017520319,0.0453585536453347
2026-08-07,2026-08-07,9308,乾汽船,海運業,1936.0,見送り,53.2,C,改善,54.0,47,70.0,見送り,47.0,47.3,高,92.6,S,0.1976033057851238,0.1138601602330662
2026-08-07,2026-08-07,6062,チャーム・ケア・コーポレーション,サービス業,1480.0,見送り,51.8,C,低迷,34.0,56,70.0,C,52.0,47.3,高,88.3,S,0.0838996020814202,0.0847622709214404
2026-08-07,2026-08-07,8011,三陽商会,繊維製品,5120.0,見送り,51.5,C,底上げ,34.0,39,72.0,,0.0,50.0,蓄積中,97.0,S,0.1908935525536315,0.2000434935217543
2026-08-07,2026-08-07,6250,やまびこ,機械,4350.0,見送り,51.2,C,低迷,40.0,41,72.0,C,56.0,50.9,高,89.3,S,0.1414494596312776,0.1361230115245804
2026-08-07,2026-08-07,8622,水戸証券,証券、商品先物取引業,849.0,見送り,50.3,C,減速,50.0,60,68.0,,0.0,50.0,蓄積中,96.6,S,0.2379714942976423,0.2049528392742314
2026-08-07,2026-08-07,9619,イチネンホールディングス,サービス業,2599.0,見送り,48.9,C,低迷,34.0,35,73.0,,0.0,50.0,蓄積中,92.4,S,0.1180948238364505,0.1189574926764707
2026-08-07,2026-08-07,3422,Ｊ－ＭＡＸ,金属製品,603.0,見送り,47.9,C,底上げ,35.0,17,80.0,見送り,48.0,45.1,高,94.9,S,0.2283440465258646,0.2395943931270018
2026-08-07,2026-08-07,9278,ブックオフグループホールディングス,小売業,2959.0,見送り,46.8,C,低迷,34.0,42,70.0,,0.0,50.0,蓄積中,98.6,S,0.3562434537962247,0.3606250900662789
2026-08-07,2026-08-07,1899,福田組,建設業,4440.0,見送り,46.5,C,低迷,22.0,48,70.0,C,50.0,47.3,高,86.4,S,0.1876033057851238,0.2080128205128204
2026-08-07,2026-08-07,6457,グローリー,機械,4855.0,見送り,46.3,C,低迷,40.0,69,67.0,,0.0,50.0,蓄積中,92.8,S,0.1566377387251671,0.1513112906184699
2026-08-07,2026-08-07,6724,セイコーエプソン,電気機器,3175.0,見送り,46.3,C,低迷,35.0,62,68.0,C,52.0,25.7,高,94.1,S,0.1276392124278527,0.1380751223290033
2026-08-07,2026-08-07,2492,インフォマート,サービス業,585.0,見送り,43.1,C,低迷,34.0,93,63.0,,0.0,50.0,蓄積中,97.1,S,0.1646656800305967,0.1655283488706169
2026-08-07,2026-08-07,5970,ジーテクト,金属製品,2225.0,見送り,42.1,C,底上げ,35.0,86,65.0,見送り,47.0,47.3,高,87.4,S,0.0640425897715777,0.0752929363727149
2026-08-07,2026-08-07,4417,グローバルセキュリティエキスパート,情報・通信業,4965.0,見送り,35.8,C,低迷,34.0,44,70.0,見送り,47.0,47.3,高,99.2,S,0.2525714586513659,0.2514241348075512
2026-08-07,2026-08-07,5542,新報国マテリアル,鉄鋼,844.0,見送り,34.1,C,低迷,57.0,88,65.0,見送り,46.0,45.1,高,59.5,B,0.0321577612306684,-0.0047669769337831
2026-08-07,2026-08-07,3276,ＪＰＭＣ,不動産業,2244.0,見送り,27.0,C,低迷,25.0,21,77.0,見送り,42.0,42.9,高,99.7,S,0.5689986546223331,0.5769673949890948
2026-08-10,2026-08-10,9308,乾汽船,海運業,2032.0,優先,77.6,B,改善,59.0,26,78.0,C,55.0,51.2,高,95.7,S,0.2670459778183099,0.1660518878812709
2026-08-10,2026-08-10,4613,関西ペイント,化学,3029.0,優先,75.0,B,改善,47.0,30,77.0,C,55.0,36.8,高,93.1,S,0.1195738369674977,0.1074552329549336
2026-08-10,2026-08-10,4619,日本特殊塗料,化学,2708.0,優先,74.8,B,改善,47.0,14,82.0,C,54.0,51.2,高,84.8,A,0.1129685349854255,0.1008499309728614
2026-08-10,2026-08-10,4114,日本触媒,化学,2593.0,優先,73.1,B,改善,47.0,23,80.0,C,57.0,36.8,高,95.1,S,0.2401060053192528,0.2279874013066887
2026-08-10,2026-08-10,5192,三ツ星ベルト,ゴム製品,4590.0,監視,71.7,B,減速,67.0,27,78.0,C,60.0,51.2,高,78.2,A,0.1480052583897256,0.082865493248646
2026-08-10,2026-08-10,4680,ラウンドワン,サービス業,1365.0,監視,70.2,B,底上げ,39.0,28,78.0,C,57.0,36.8,高,93.2,S,0.092712158383072,0.094863772334061
2026-08-10,2026-08-10,9888,ＵＥＸ,卸売業,1227.0,監視,68.6,B,底上げ,44.0,5,86.0,C,54.0,42.5,高,97.8,S,0.2293518344964321,0.221492362127037
2026-08-10,2026-08-10,5975,東プレ,金属製品,3225.0,監視,63.0,C,低迷,35.0,12,83.0,,0.0,50.0,蓄積中,95.0,S,0.2307026627859448,0.2346498560402848
2026-08-10,2026-08-10,6523,ＰＨＣホールディングス,電気機器,1313.0,監視,61.1,C,低迷,28.0,11,83.0,,0.0,50.0,蓄積中,97.6,S,0.2367353943988964,0.2549043714386513
2026-08-10,2026-08-10,4527,ロート製薬,医薬品,2828.0,監視,60.3,C,底上げ,28.0,52,73.0,C,50.0,26.0,高,92.4,S,0.1512350087187878,0.1725189438734492
2026-08-10,2026-08-10,7296,エフ・シー・シー,輸送用機器,4210.0,監視,59.3,C,改善,50.0,82,68.0,,0.0,50.0,蓄積中,94.3,S,0.1903061433454779,0.1717273772048169
2026-08-10,2026-08-10,5108,ブリヂストン,ゴム製品,4320.0,監視,58.9,C,減速,67.0,81,68.0,,0.0,50.0,蓄積中,93.3,S,0.1978720881879708,0.1327323230468912
2026-08-10,2026-08-10,3176,三洋貿易,卸売業,1081.0,見送り,56.9,C,底上げ,44.0,4,87.0,見送り,48.0,42.5,高,98.0,S,0.3138293685864944,0.3059698962170993
2026-08-10,2026-08-10,6869,シスメックス,電気機器,1980.0,見送り,56.0,C,低迷,28.0,21,80.0,C,51.0,36.8,高,98.6,S,0.2807213714876818,0.2988903485274367
2026-08-10,2026-08-10,2146,ＵＴグループ,サービス業,221.0,見送り,55.9,C,底上げ,39.0,24,80.0,見送り,49.0,36.8,高,94.7,S,0.222085871996715,0.2242374859477041
2026-08-10,2026-08-10,3402,東レ,繊維製品,1373.5,見送り,55.6,C,底上げ,40.0,83,68.0,,0.0,50.0,蓄積中,93.3,S,0.1896371842957748,0.1935113942195871
2026-08-10,2026-08-10,7550,ゼンショーホールディングス,小売業,11595.0,見送り,55.6,C,低迷,34.0,20,80.0,C,57.0,36.8,高,98.7,S,0.306111572989188,0.3057603587110317
2026-08-10,2026-08-10,6998,日本タングステン,電気機器,3280.0,見送り,55.5,C,低迷,28.0,1,92.0,,0.0,50.0,蓄積中,99.6,S,0.618478339125829,0.6366473161655838
2026-08-10,2026-08-10,5186,ニッタ,ゴム製品,7070.0,見送り,54.5,C,減速,67.0,96,67.0,,0.0,50.0,蓄積中,86.6,S,0.1078927405834221,0.0427529754423424
2026-08-10,2026-08-10,8075,神鋼商事,卸売業,2974.0,見送り,54.2,C,底上げ,44.0,60,72.0,,0.0,50.0,蓄積中,94.8,S,0.2003364393137837,0.1924769669443886
2026-08-10,2026-08-10,3422,Ｊ－ＭＡＸ,金属製品,700.0,見送り,53.9,C,低迷,35.0,2,88.0,,0.0,50.0,蓄積中,99.2,S,0.427778218595331,0.431725411849671
2026-08-10,2026-08-10,8011,三陽商会,繊維製品,5270.0,見送り,53.2,C,底上げ,40.0,56,72.0,,0.0,50.0,蓄積中,97.5,S,0.231840972153034,0.2357151820768463
2026-08-10,2026-08-10,7832,バンダイナムコホールディングス,その他製品,5429.0,見送り,52.6,C,低迷,35.0,13,82.0,C,52.0,34.2,高,98.7,S,0.3389550995672495,0.3403743736614748
2026-08-10,2026-08-10,7272,ヤマハ発動機,輸送用機器,1922.0,見送り,52.1,C,改善,50.0,67,70.0,,0.0,50.0,蓄積中,99.1,S,0.5330863145213066,0.5145075483806456
2026-08-10,2026-08-10,8022,美津濃,その他製品,4310.0,見送り,50.9,C,低迷,35.0,25,80.0,見送り,49.0,47.6,高,95.9,S,0.2136225424513508,0.215041816545576
2026-08-10,2026-08-10,8622,水戸証券,証券、商品先物取引業,862.0,見送り,50.8,C,減速,46.0,57,72.0,,0.0,50.0,蓄積中,96.4,S,0.2241778383649492,0.209200028657664
2026-08-10,2026-08-10,3851,日本一ソフトウェア,情報・通信業,1135.0,見送り,49.1,C,底上げ,39.0,70,70.0,,0.0,50.0,蓄積中,98.1,S,0.3102928233321579,0.3081514445150808
2026-08-10,2026-08-10,7358,ポピンズ,サービス業,1682.0,見送り,49.0,C,底上げ,39.0,42,75.0,見送り,40.0,47.6,高,91.4,S,0.1147948449923564,0.1169464589433455
2026-08-10,2026-08-10,3877,中越パルプ工業,パルプ・紙,2220.0,見送り,48.9,C,減速,52.0,86,68.0,,0.0,50.0,蓄積中,69.4,B,0.0527081175708686,0.0058337774150875
2026-08-10,2026-08-10,4052,フィーチャ,情報・通信業,633.0,見送り,48.6,C,底上げ,39.0,3,87.0,見送り,44.0,43.1,高,100.0,S,1.6359845653418916,1.6338431865248146
2026-08-10,2026-08-10,4674,クレスコ,情報・通信業,1867.0,見送り,48.3,C,底上げ,39.0,51,73.0,見送り,46.0,51.2,高,94.2,S,0.1950816007470673,0.1929402219299902
2026-08-10,2026-08-10,9278,ブックオフグループホールディングス,小売業,2930.0,見送り,47.9,C,低迷,34.0,46,73.0,,0.0,50.0,蓄積中,98.7,S,0.3933990964576249,0.3930478821794686
2026-08-10,2026-08-10,8897,ＭＩＲＡＲＴＨホールディングス,不動産業,443.0,見送り,47.8,C,底上げ,34.0,78,70.0,見送り,39.0,45.6,高,82.6,A,0.0653078812669237,0.0746363319958095
2026-08-10,2026-08-10,7951,ヤマハ,その他製品,1406.0,見送り,46.9,C,低迷,35.0,88,67.0,,0.0,50.0,蓄積中,94.6,S,0.1784697544061665,0.1798890285003918
2026-08-10,2026-08-10,2607,不二製油,食料品,4457.0,見送り,46.8,C,低迷,38.0,44,75.0,見送り,46.0,47.6,高,92.1,S,0.1056125729920981,0.111730118543168
2026-08-10,2026-08-10,6250,やまびこ,機械,4410.0,見送り,45.9,C,低迷,39.0,62,72.0,,0.0,50.0,蓄積中,90.8,S,0.1541156671550018,0.1527777777777779
2026-08-10,2026-08-10,3034,クオールホールディングス,小売業,2419.0,見送り,45.7,C,低迷,34.0,39,75.0,見送り,46.0,47.6,高,94.7,S,0.1726523321884819,0.1723011179103256
2026-08-10,2026-08-10,8304,あおぞら銀行,銀行業,3264.0,見送り,45.7,C,低迷,38.0,95,67.0,,0.0,50.0,蓄積中,85.5,S,0.1100629299810264,0.0930156208246153
2026-08-10,2026-08-10,7979,松風,精密機器,2314.0,見送り,45.3,C,低迷,44.0,100,67.0,,0.0,50.0,蓄積中,91.7,S,0.0967490963656122,0.0869818846322089
2026-08-10,2026-08-10,3276,ＪＰＭＣ,不動産業,2244.0,見送り,45.0,C,底上げ,34.0,15,81.0,見送り,46.0,42.5,高,99.5,S,0.4014376583333255,0.4107661090622113
2026-08-10,2026-08-10,1899,福田組,建設業,4605.0,見送り,44.7,C,低迷,22.0,50,73.0,,0.0,50.0,蓄積中,91.0,S,0.2121830430415264,0.2347758835573755
2026-08-10,2026-08-10,8050,セイコーグループ,精密機器,10670.0,見送り,41.3,C,低迷,44.0,17,80.0,見送り,45.0,39.1,高,99.4,S,0.4082213040835415,0.3984540923501382
2026-08-10,2026-08-10,1847,イチケン,建設業,3395.0,見送り,40.3,C,低迷,22.0,22,80.0,見送り,38.0,45.6,高,97.6,S,0.2676149130071886,0.2902077535230377
2026-08-10,2026-08-10,7774,ジャパン・ティッシュエンジニアリング,精密機器,862.0,見送り,34.3,C,低迷,44.0,19,80.0,見送り,29.0,45.6,高,98.1,S,0.3218143255657345,0.3120471138323312
2026-08-10,2026-08-10,6258,平田機工,機械,3865.0,見送り,33.0,C,低迷,39.0,35,75.0,見送り,32.0,45.6,高,96.5,S,0.244359569594026,0.2430216802168021
2026-08-10,2026-08-10,8596,九州リースサービス,その他金融業,1630.0,見送り,26.0,C,低迷,39.0,98,67.0,,0.0,50.0,蓄積中,85.5,S,0.1031231962446662,0.1009601914771557
2026-08-12,2026-08-12,9308,乾汽船,海運業,2060.0,優先,76.3,B,加速,63.0,24,77.0,,0.0,50.0,蓄積中,96.5,S,0.2832809196506994,0.1713212450669996
2026-08-12,2026-08-12,8304,あおぞら銀行,銀行業,3298.0,監視,66.8,C,改善,55.0,51,71.0,,0.0,50.0,蓄積中,85.9,S,0.1146159422182374,0.0775409072983404
2026-08-12,2026-08-12,5192,三ツ星ベルト,ゴム製品,4520.0,監視,66.5,C,主導,67.0,47,72.0,,0.0,50.0,蓄積中,78.7,A,0.1188471604478226,0.0685654673061376
2026-08-12,2026-08-12,4933,Ｉ－ｎｅ,化学,1399.0,監視,64.6,C,減速,48.0,21,78.0,C,54.0,51.3,高,89.8,S,0.124216539539992,0.1104228815784724
2026-08-12,2026-08-12,5195,バンドー化学,ゴム製品,2474.0,監視,63.1,C,主導,67.0,52,71.0,,0.0,50.0,蓄積中,76.6,A,0.0917187196033036,0.0414370264616187
2026-08-12,2026-08-12,8022,美津濃,その他製品,4300.0,監視,63.1,C,底上げ,42.0,39,73.0,,0.0,50.0,蓄積中,95.5,S,0.1747525620711084,0.1748366013071896
2026-08-12,2026-08-12,8622,水戸証券,証券、商品先物取引業,850.0,監視,62.2,C,改善,55.0,45,72.0,,0.0,50.0,蓄積中,95.9,S,0.2086318170486293,0.1900095231767544
2026-08-12,2026-08-12,4674,クレスコ,情報・通信業,1855.0,監視,61.7,C,低迷,39.0,15,82.0,C,55.0,51.3,高,93.8,S,0.1959044479018933,0.193960211547178
2026-08-12,2026-08-12,4114,日本触媒,化学,2658.5,監視,60.6,C,減速,48.0,19,78.0,,0.0,50.0,蓄積中,96.8,S,0.2730384847552806,0.259244826793761
2026-08-12,2026-08-12,4937,Ｗａｑｏｏ,化学,2150.0,監視,60.4,C,減速,48.0,5,88.0,,0.0,50.0,蓄積中,97.6,S,0.4359614690146126,0.4221678110530931
2026-08-12,2026-08-12,7832,バンダイナムコホールディングス,その他製品,5362.0,監視,59.6,C,底上げ,42.0,23,77.0,C,52.0,42.9,高,98.5,S,0.2993733082785704,0.2994573475146516
2026-08-12,2026-08-12,9684,スクウェア・エニックス・ホールディングス,情報・通信業,2974.0,監視,59.0,C,低迷,39.0,32,75.0,C,56.0,37.2,高,85.3,S,0.1361573208913357,0.1342130845366204
2026-08-12,2026-08-12,7762,シチズン時計,精密機器,2595.0,監視,58.9,C,改善,48.0,85,63.0,,0.0,50.0,蓄積中,89.0,S,0.1466002524581248,0.1362708629998441
2026-08-12,2026-08-12,8050,セイコーグループ,精密機器,11240.0,監視,58.5,C,改善,48.0,10,83.0,見送り,48.0,35.5,高,99.7,S,0.5263878975441331,0.5160585080858524
2026-08-12,2026-08-12,7951,ヤマハ,その他製品,1397.0,監視,58.3,C,底上げ,42.0,50,71.0,,0.0,50.0,蓄積中,94.1,S,0.1662164368117235,0.1663004760478046
2026-08-12,2026-08-12,7567,栄電子,卸売業,633.0,監視,58.2,C,低迷,43.0,20,78.0,,0.0,50.0,蓄積中,92.9,S,0.1701577416868144,0.1626891302329898
2026-08-12,2026-08-12,7550,ゼンショーホールディングス,小売業,11340.0,監視,58.1,C,底上げ,38.0,60,68.0,,0.0,50.0,蓄積中,98.2,S,0.2425521069410007,0.2472001113369024
2026-08-12,2026-08-12,7381,ＣＣＩグループ,銀行業,1215.0,見送り,57.7,C,改善,55.0,98,60.0,,0.0,50.0,蓄積中,83.0,A,0.1485773483958948,0.1115023134759978
2026-08-12,2026-08-12,3676,デジタルハーツホールディングス,情報・通信業,1057.0,見送り,57.0,C,低迷,39.0,6,88.0,,0.0,50.0,蓄積中,98.7,S,0.4262725499112058,0.4243283135564905
2026-08-12,2026-08-12,5542,新報国マテリアル,鉄鋼,984.0,見送り,56.6,C,改善,49.0,17,80.0,見送り,37.0,45.5,高,93.7,S,0.2087725371023193,0.1698975300981512
2026-08-12,2026-08-12,2269,明治ホールディングス,食料品,4187.0,見送り,56.1,C,底上げ,43.0,71,67.0,,0.0,50.0,蓄積中,86.1,S,0.0950578513859824,0.107662322351961
2026-08-12,2026-08-12,7199,プレミアグループ,その他金融業,2185.0,見送り,56.0,C,改善,46.0,57,70.0,見送り,42.0,47.2,高,79.5,A,0.0519118449439764,0.0475403837013143
2026-08-12,2026-08-12,6570,共和コーポレーション,サービス業,2970.0,見送り,55.2,C,低迷,40.0,4,88.0,,0.0,50.0,蓄積中,99.8,S,0.5336553979613922,0.5379289970918463
2026-08-12,2026-08-12,8713,フィデアホールディングス,銀行業,2477.0,見送り,54.7,C,改善,55.0,96,60.0,,0.0,50.0,蓄積中,92.5,S,0.1717463090648555,0.1346712741449585
2026-08-12,2026-08-12,6724,セイコーエプソン,電気機器,3129.0,見送り,53.9,C,底上げ,35.0,70,67.0,,0.0,50.0,蓄積中,91.1,S,0.1016125433568199,0.1058922393502275
2026-08-12,2026-08-12,3097,物語コーポレーション,小売業,5790.0,見送り,53.8,C,底上げ,38.0,31,75.0,見送り,48.0,47.2,高,92.3,S,0.1394672767858232,0.144115281181725
2026-08-12,2026-08-12,6998,日本タングステン,電気機器,3310.0,見送り,53.4,C,底上げ,35.0,1,92.0,見送り,49.0,43.4,高,99.7,S,0.6353081176266641,0.6395878136200717
2026-08-12,2026-08-12,2207,ｍｅｉｔｏ,食料品,3530.0,見送り,53.1,C,底上げ,43.0,34,75.0,見送り,43.0,47.2,高,89.8,S,0.1135344418642242,0.1261389128302028
2026-08-12,2026-08-12,4543,テルモ,精密機器,2598.5,見送り,51.8,C,改善,48.0,63,68.0,見送り,43.0,37.2,高,87.8,S,0.1542408034183965,0.1439114139601158
2026-08-12,2026-08-12,8011,三陽商会,繊維製品,5330.0,見送り,50.4,C,低迷,39.0,27,76.0,,0.0,50.0,蓄積中,98.1,S,0.250868308329882,0.2586425308982343
2026-08-12,2026-08-12,6258,平田機工,機械,3610.0,見送り,50.3,C,低迷,39.0,40,73.0,,0.0,50.0,蓄積中,90.9,S,0.17369654737873,0.1704607401577098
2026-08-12,2026-08-12,6652,ＩＤＥＣ,電気機器,3925.0,見送り,50.3,C,底上げ,35.0,62,68.0,,0.0,50.0,蓄積中,89.0,S,0.1861452912057731,0.1904249871991807
2026-08-12,2026-08-12,2489,アドウェイズ,サービス業,350.0,見送り,47.3,C,低迷,40.0,35,75.0,見送り,46.0,45.5,高,90.3,S,0.0949577991553264,0.0992313982857805
2026-08-12,2026-08-12,4544,Ｈ．Ｕ．グループホールディングス,サービス業,3680.0,見送り,47.3,C,低迷,40.0,36,75.0,見送り,46.0,47.2,高,85.4,S,0.0807865865261855,0.0850601856566396
2026-08-12,2026-08-12,3374,内外テック,卸売業,4420.0,見送り,47.0,C,低迷,43.0,7,88.0,見送り,43.0,45.5,高,98.5,S,0.3096314258973408,0.3021628144435162
2026-08-12,2026-08-12,9900,サガミホールディングス,小売業,2205.0,見送り,47.0,C,底上げ,38.0,79,65.0,,0.0,50.0,蓄積中,96.3,S,0.2360028784467095,0.2406508828426112
2026-08-12,2026-08-12,8154,加賀電子,卸売業,5160.0,見送り,46.3,C,低迷,43.0,80,65.0,,0.0,50.0,蓄積中,93.3,S,0.2147578783922142,0.2072892669383896
2026-08-12,2026-08-12,1899,福田組,建設業,4790.0,見送り,45.4,C,底上げ,30.0,25,77.0,見送り,44.0,51.3,高,95.0,S,0.2679425262288145,0.2786416028467549
2026-08-12,2026-08-12,4599,ステムリム,医薬品,343.0,見送り,45.2,C,底上げ,35.0,42,73.0,見送り,34.0,47.2,高,91.4,S,0.1236414509599973,0.139310196501136
2026-08-12,2026-08-12,1960,サンテック,建設業,1634.0,見送り,44.7,C,底上げ,30.0,56,70.0,見送り,39.0,45.5,高,76.5,A,0.0638624942844888,0.0745615709024292
2026-08-12,2026-08-12,6138,ダイジェット工業,機械,1972.0,見送り,44.0,C,低迷,39.0,3,88.0,見送り,41.0,47.5,高,99.9,S,0.7162236105844105,0.7129878033633903
2026-08-12,2026-08-12,3277,サンセイランディック,不動産業,750.0,見送り,43.7,C,低迷,34.0,29,75.0,見送り,43.0,45.5,高,88.6,S,0.1449043909185895,0.1547800135385904
2026-08-12,2026-08-12,3276,ＪＰＭＣ,不動産業,2244.0,見送り,43.0,C,低迷,34.0,16,81.0,見送り,48.0,42.9,高,99.4,S,0.3880872895212687,0.3979629121412695
2026-08-12,2026-08-12,3422,Ｊ－ＭＡＸ,金属製品,662.0,見送り,41.4,C,低迷,35.0,2,92.0,見送り,43.0,43.4,高,98.4,S,0.3368654946758443,0.338138109749316
2026-08-12,2026-08-12,6381,アネスト岩田,機械,1914.0,見送り,41.0,C,低迷,39.0,72,67.0,,0.0,50.0,蓄積中,84.2,A,0.0815739404114742,0.078338133190454
2026-08-12,2026-08-12,2108,日本甜菜製糖,食料品,5390.0,見送り,38.5,C,底上げ,43.0,65,68.0,見送り,29.0,47.2,高,93.3,S,0.1295618489699476,0.1421663199359262
2026-08-13,2026-08-13,8304,あおぞら銀行,銀行業,3395.0,優先,77.8,B,加速,81.0,47,71.0,,0.0,50.0,蓄積中,84.5,A,0.1357821157469726,0.0672698426599924
2026-08-13,2026-08-13,8541,愛媛銀行,銀行業,3040.0,優先,75.5,B,加速,81.0,51,70.0,,0.0,50.0,蓄積中,98.4,S,0.3075894568228497,0.2390771837358696
2026-08-13,2026-08-13,4118,カネカ,化学,6107.0,優先,75.3,B,改善,57.0,25,76.0,C,55.0,50.7,高,79.3,A,0.0590858175996599,0.0425310339994218
2026-08-13,2026-08-13,8344,山形銀行,銀行業,4585.0,監視,70.6,B,加速,81.0,78,65.0,,0.0,50.0,蓄積中,96.4,S,0.200188777644764,0.1316765045577839
2026-08-13,2026-08-13,6287,サトー,機械,2920.0,監視,67.6,C,低迷,39.0,7,87.0,C,57.0,47.9,高,95.9,S,0.1880084869715087,0.178342466781773
2026-08-13,2026-08-13,4634,ａｒｔｉｅｎｃｅ,化学,5110.0,監視,67.4,C,改善,57.0,48,71.0,,0.0,50.0,蓄積中,92.5,S,0.1332941938179092,0.116739410217671
2026-08-13,2026-08-13,4543,テルモ,精密機器,2620.5,監視,64.3,C,改善,55.0,64,67.0,,0.0,50.0,蓄積中,87.0,S,0.155926656105544,0.1371292852562996
2026-08-13,2026-08-13,7762,シチズン時計,精密機器,2671.0,監視,64.3,C,改善,55.0,63,67.0,,0.0,50.0,蓄積中,91.5,S,0.1817646445110811,0.1629672736618367
2026-08-13,2026-08-13,4114,日本触媒,化学,2648.5,監視,62.8,C,改善,57.0,41,72.0,,0.0,50.0,蓄積中,96.1,S,0.2484066772382321,0.231851893637994
2026-08-13,2026-08-13,2489,アドウェイズ,サービス業,386.0,監視,62.1,C,低迷,39.0,9,83.0,C,52.0,50.7,高,97.3,S,0.2235508491871048,0.2261503623255212
2026-08-13,2026-08-13,3040,ソリトンシステムズ,情報・通信業,2444.0,監視,62.1,C,低迷,39.0,10,83.0,,0.0,50.0,蓄積中,91.7,S,0.2123882602043761,0.2178737551661556
2026-08-13,2026-08-13,7716,ナカニシ,精密機器,3345.0,監視,60.8,C,改善,55.0,94,63.0,,0.0,50.0,蓄積中,82.8,A,0.0936889739801313,0.0748916031308869
2026-08-13,2026-08-13,8011,三陽商会,繊維製品,5490.0,監視,60.2,C,低迷,39.0,8,86.0,,0.0,50.0,蓄積中,98.4,S,0.2864312976676021,0.2986325993451884
2026-08-13,2026-08-13,4674,クレスコ,情報・通信業,1898.0,監視,59.7,C,低迷,39.0,12,82.0,,0.0,50.0,蓄積中,93.7,S,0.2148608253845408,0.2203463203463203
2026-08-13,2026-08-13,6138,ダイジェット工業,機械,1933.0,見送り,56.5,C,低迷,39.0,3,92.0,,0.0,50.0,蓄積中,99.8,S,0.637359046341666,0.6276930261519302
2026-08-13,2026-08-13,1899,福田組,建設業,4755.0,見送り,55.9,C,底上げ,39.0,40,72.0,,0.0,50.0,蓄積中,94.4,S,0.2503932929170084,0.2613980582524271
2026-08-13,2026-08-13,6448,ブラザー工業,電気機器,4701.0,見送り,54.0,C,底上げ,38.0,74,65.0,,0.0,50.0,蓄積中,97.0,S,0.2410278310696189,0.2307275614084245
2026-08-13,2026-08-13,6857,アドバンテスト,電気機器,35940.0,見送り,54.0,C,底上げ,38.0,79,65.0,,0.0,50.0,蓄積中,97.0,S,0.1894461896424492,0.1791459199812548
2026-08-13,2026-08-13,4599,ステムリム,医薬品,356.0,見送り,53.7,C,低迷,35.0,23,77.0,,0.0,50.0,蓄積中,93.5,S,0.1573107846661833,0.1686300429948387
2026-08-13,2026-08-13,6508,明電舎,電気機器,11880.0,見送り,51.9,C,底上げ,38.0,50,70.0,,0.0,50.0,蓄積中,91.1,S,0.3370113088805203,0.326711039219326
2026-08-13,2026-08-13,2207,ｍｅｉｔｏ,食料品,3590.0,見送り,51.4,C,低迷,43.0,36,73.0,,0.0,50.0,蓄積中,90.5,S,0.1293581491470402,0.1401720372101387
2026-08-13,2026-08-13,3276,ＪＰＭＣ,不動産業,2244.0,見送り,51.3,C,底上げ,39.0,14,81.0,見送り,48.0,43.6,高,99.2,S,0.3374657566851243,0.3422519509476032
2026-08-13,2026-08-13,8066,三谷商事,卸売業,3020.0,見送り,50.6,C,低迷,44.0,38,73.0,,0.0,50.0,蓄積中,79.0,A,0.0714664988311807,0.0649282389495395
2026-08-13,2026-08-13,7609,ダイトロン,卸売業,4585.0,見送り,50.1,C,低迷,44.0,19,77.0,,0.0,50.0,蓄積中,96.8,S,0.3572058866201567,0.3506676267385156
2026-08-13,2026-08-13,6340,澁谷工業,機械,5110.0,見送り,50.0,C,低迷,39.0,28,75.0,見送り,49.0,47.4,高,96.3,S,0.177714930343909,0.1680489101541733
2026-08-13,2026-08-13,6194,アトラエ,サービス業,892.0,見送り,49.9,C,低迷,39.0,43,72.0,,0.0,50.0,蓄積中,85.5,S,0.0545086775323929,0.0571081906708093
2026-08-13,2026-08-13,3895,ハビックス,パルプ・紙,489.0,見送り,49.8,C,減速,46.0,17,80.0,見送り,46.0,47.4,高,91.1,S,0.1927893325209687,0.1806691488476579
2026-08-13,2026-08-13,9900,サガミホールディングス,小売業,2184.0,見送り,49.4,C,底上げ,43.0,34,73.0,見送り,45.0,50.7,高,95.3,S,0.2204885310122465,0.2269785124762386
2026-08-13,2026-08-13,8897,ＭＩＲＡＲＴＨホールディングス,不動産業,452.0,見送り,49.1,C,底上げ,39.0,58,70.0,見送り,44.0,47.9,高,73.4,A,0.0715499194230325,0.0763361136855114
2026-08-13,2026-08-13,3131,シンデン・ハイテックス,卸売業,6480.0,見送り,48.8,C,低迷,44.0,2,92.0,見送り,46.0,48.8,高,99.9,S,0.7848967699684687,0.7783585100868275
2026-08-13,2026-08-13,3277,サンセイランディック,不動産業,871.0,見送り,48.0,C,底上げ,39.0,6,88.0,見送り,41.0,48.8,高,97.4,S,0.3369811622793722,0.3417673565418511
2026-08-13,2026-08-13,3551,ダイニック,繊維製品,1585.0,見送り,48.0,C,低迷,39.0,30,75.0,見送り,46.0,47.4,高,88.6,S,0.1185940097628864,0.1307953114404727
2026-08-13,2026-08-13,4689,ＬＩＮＥヤフー,情報・通信業,499.5,見送り,48.0,C,低迷,39.0,68,67.0,,0.0,50.0,蓄積中,88.6,S,0.0995930092693996,0.105078504231179
2026-08-13,2026-08-13,2820,やまみ,食料品,5580.0,見送り,46.1,C,低迷,43.0,31,75.0,見送り,43.0,47.9,高,92.1,S,0.0983932929170084,0.1092071809801069
2026-08-13,2026-08-13,6098,リクルートホールディングス,サービス業,16790.0,見送り,45.8,C,低迷,39.0,20,77.0,,0.0,50.0,蓄積中,99.1,S,0.3086176215110051,0.3112171346494214
2026-08-13,2026-08-13,7957,フジコピアン,その他製品,2550.0,見送り,45.0,C,低迷,43.0,5,88.0,見送り,41.0,48.8,高,99.1,S,0.3645071140552197,0.3659101174345076
2026-08-13,2026-08-13,2108,日本甜菜製糖,食料品,5430.0,見送り,42.1,C,低迷,43.0,66,67.0,,0.0,50.0,蓄積中,93.1,S,0.1315996421233575,0.1424135301864559
2026-08-13,2026-08-13,5845,全保連,その他金融業,1225.0,見送り,40.0,C,低迷,46.0,55,70.0,見送り,36.0,47.9,高,92.4,S,0.1786823554170084,0.1746344351173412
2026-08-13,2026-08-13,8596,九州リースサービス,その他金融業,1669.0,見送り,27.5,C,低迷,46.0,71,66.0,,0.0,50.0,蓄積中,86.8,S,0.1185403317189145,0.1144924114192473
2026-08-14,2026-08-14,8713,フィデアホールディングス,銀行業,2630.0,優先,80.1,A,主導,81.0,27,77.0,C,52.0,50.6,高,93.7,S,0.21365682792881957,0.16235217536298796
2026-08-14,2026-08-14,4118,カネカ,化学,6345.0,優先,80.0,A,減速,53.0,7,86.0,B,65.0,32.8,高,86.1,S,0.08816940783830018,0.07919639277345847
2026-08-14,2026-08-14,8304,あおぞら銀行,銀行業,3434.0,優先,74.8,B,主導,81.0,56,71.0,,0.0,50.0,蓄積中,85.5,S,0.14330295991900432,0.09199830735317271
2026-08-14,2026-08-14,4674,クレスコ,情報・通信業,1955.0,監視,71.6,B,底上げ,44.0,6,86.0,C,56.0,44.4,高,95.1,S,0.24611968342538293,0.24584673830126147
2026-08-14,2026-08-14,6340,澁谷工業,機械,5400.0,監視,70.4,B,底上げ,44.0,10,83.0,,0.0,50.0,蓄積中,97.6,S,0.22091552978086226,0.21814059296286858
2026-08-14,2026-08-14,3895,ハビックス,パルプ・紙,569.0,監視,70.2,B,改善,51.0,3,88.0,,0.0,50.0,蓄積中,97.6,S,0.3873216912940576,0.3786103370873486
2026-08-14,2026-08-14,3276,ＪＰＭＣ,不動産業,2245.0,監視,69.1,B,底上げ,44.0,1,90.0,C,57.0,44.4,高,98.9,S,0.2868575626292704,0.2948691801838843
2026-08-14,2026-08-14,8541,愛媛銀行,銀行業,3065.0,監視,68.7,B,主導,81.0,69,68.0,,0.0,50.0,蓄積中,97.8,S,0.2800125475468669,0.22870789498103528
2026-08-14,2026-08-14,3994,マネーフォワード,情報・通信業,6479.0,監視,65.3,C,底上げ,44.0,12,80.0,C,55.0,41.2,高,98.3,S,0.2875808411234464,0.28730789599932494
2026-08-14,2026-08-14,6376,日機装,精密機器,4385.0,監視,65.3,C,減速,51.0,37,75.0,C,54.0,41.2,高,93.3,S,0.10818573034380474,0.09854082291514288
2026-08-14,2026-08-14,4255,ＴＨＥＣＯＯ,情報・通信業,3720.0,監視,63.3,C,底上げ,44.0,2,88.0,,0.0,50.0,蓄積中,98.7,S,0.5221185190268676,0.5218455739027461
2026-08-14,2026-08-14,7762,シチズン時計,精密機器,2751.0,監視,62.0,C,減速,51.0,28,77.0,C,56.0,41.7,高,92.9,S,0.16867061244461734,0.15902570501595548
2026-08-14,2026-08-14,2820,やまみ,食料品,5900.0,監視,61.5,C,低迷,44.0,21,78.0,,0.0,50.0,蓄積中,95.5,S,0.1755077877376532,0.17653311616316447
2026-08-14,2026-08-14,7363,ベビーカレンダー,サービス業,1367.0,監視,60.2,C,底上げ,44.0,9,85.0,見送り,49.0,48.4,高,93.1,S,0.2830494520392619,0.28669276382037356
2026-08-14,2026-08-14,4543,テルモ,精密機器,2672.5,監視,59.1,C,減速,51.0,45,72.0,,0.0,50.0,蓄積中,85.8,S,0.2085820891087109,0.19893718168004904
2026-08-14,2026-08-14,6952,カシオ計算機,電気機器,2456.0,監視,58.9,C,底上げ,43.0,25,77.0,,0.0,50.0,蓄積中,98.8,S,0.3222633978669698,0.3189120529877877
2026-08-14,2026-08-14,9107,川崎汽船,海運業,3030.0,見送り,57.6,C,加速,70.0,99,65.0,見送り,43.0,41.2,高,75.7,A,0.11445889138723242,0.007526735236019322
2026-08-14,2026-08-14,4634,ａｒｔｉｅｎｃｅ,化学,5120.0,見送り,57.3,C,減速,53.0,58,71.0,,0.0,50.0,蓄積中,90.1,S,0.11013672365387706,0.10116370858903534
2026-08-14,2026-08-14,6448,ブラザー工業,電気機器,4744.0,見送り,56.5,C,底上げ,43.0,73,68.0,,0.0,50.0,蓄積中,96.2,S,0.21171744404776138,0.2083660991685793
2026-08-14,2026-08-14,8065,佐藤商事,卸売業,3925.0,見送り,56.5,C,低迷,44.0,20,78.0,C,55.0,50.6,高,94.9,S,0.26088504835361426,0.2545145897207606
2026-08-14,2026-08-14,8066,三谷商事,卸売業,3230.0,見送り,56.1,C,低迷,44.0,29,77.0,,0.0,50.0,蓄積中,87.4,S,0.08665692396262359,0.08028646532976991
2026-08-14,2026-08-14,3131,シンデン・ハイテックス,卸売業,6880.0,見送り,55.9,C,低迷,44.0,4,87.0,,0.0,50.0,蓄積中,99.9,S,0.9095542880364582,0.9031838294036045
2026-08-14,2026-08-14,3277,サンセイランディック,不動産業,833.0,見送り,55.9,C,底上げ,44.0,5,87.0,見送り,48.0,44.4,高,96.0,S,0.26986409975094294,0.2778757173055568
2026-08-14,2026-08-14,4588,オンコリスバイオファーマ,医薬品,3250.0,見送り,55.9,C,底上げ,39.0,16,80.0,見送り,49.0,41.2,高,98.0,S,0.22284143495629483,0.2366455817631088
2026-08-14,2026-08-14,6532,ベイカレント,サービス業,7687.0,見送り,55.6,C,底上げ,44.0,92,65.0,,0.0,50.0,蓄積中,96.3,S,0.1866760720469447,0.19031938382805635
2026-08-14,2026-08-14,9346,ココルポート,サービス業,1841.0,見送り,54.5,C,底上げ,44.0,23,78.0,見送り,43.0,48.4,高,81.9,A,0.11880317277553898,0.12244648455665064
2026-08-14,2026-08-14,6694,ズーム,電気機器,759.0,見送り,54.2,C,底上げ,43.0,22,78.0,見送り,44.0,48.9,高,88.8,S,0.17017684691916624,0.16682550203998414
2026-08-14,2026-08-14,4114,日本触媒,化学,2674.0,見送り,52.7,C,減速,53.0,44,72.0,,0.0,50.0,蓄積中,95.9,S,0.25028289811491344,0.24130988305007173
2026-08-14,2026-08-14,9900,サガミホールディングス,小売業,2249.0,見送り,50.0,C,低迷,43.0,43,72.0,,0.0,50.0,蓄積中,96.0,S,0.2566043828619238,0.25709870423618697
2026-08-14,2026-08-14,6418,日本金銭機械,機械,1277.0,見送り,49.7,C,底上げ,44.0,75,68.0,,0.0,50.0,蓄積中,95.7,S,0.1647908270965266,0.16201589027853291
2026-08-14,2026-08-14,1899,福田組,建設業,4895.0,見送り,48.4,C,低迷,39.0,30,76.0,,0.0,50.0,蓄積中,95.6,S,0.26547647342437486,0.2811662714616525
2026-08-14,2026-08-14,8281,ゼビオホールディングス,小売業,1218.0,見送り,46.1,C,低迷,43.0,38,75.0,見送り,43.0,49.6,高,85.6,S,0.094712186812407,0.0952065081866702
2026-08-14,2026-08-14,7936,アシックス,その他製品,5281.0,見送り,45.2,C,低迷,43.0,67,70.0,見送り,47.0,41.2,高,82.9,A,0.057943501155514276,0.05404998489045121
2026-08-14,2026-08-14,8167,リテールパートナーズ,小売業,1448.0,見送り,43.4,C,低迷,43.0,41,73.0,見送り,37.0,49.6,高,80.9,A,0.09366507740208929,0.09415939877635249
2026-08-14,2026-08-14,2207,ｍｅｉｔｏ,食料品,3625.0,見送り,42.3,C,低迷,44.0,81,67.0,,0.0,50.0,蓄積中,88.8,S,0.1368420184152339,0.1378673468407452
2026-08-14,2026-08-14,2060,フィード・ワン,食料品,1410.0,見送り,40.2,C,低迷,44.0,50,72.0,見送り,36.0,49.6,高,81.7,A,0.06699880430450378,0.06802413273001506
2026-08-14,2026-08-14,5632,三菱製鋼,鉄鋼,2431.0,見送り,35.2,C,低迷,50.0,100,65.0,見送り,32.0,49.6,高,86.0,S,0.09700973789177847,0.07989647598388439
2026-08-14,2026-08-14,8596,九州リースサービス,その他金融業,1664.0,見送り,26.7,C,低迷,43.0,87,66.0,,0.0,50.0,蓄積中,84.5,A,0.11977234655173041,0.1260548993966807
